|===============================================================================
|
|  DFTB+ development version (commit: a23bfb2)
|
|  Copyright (C) 2006 - 2025  DFTB+ developers group
|
|===============================================================================
|
|  When publishing results obtained with DFTB+, please cite the following
|  reference:
|
|    Recent Developments in DFTB+, a Software Package for Efficient Atomistic
|    Quantum Mechanical Simulations, J. Phys. Chem. A 129, 5373−5390 (2025).
|    [https://doi.org/10.1021/acs.jpca.5c01146]
|
|  You should also cite additional publications crediting the parametrization
|  data you use. Please consult the documentation of the SK-files for the
|  references.
|
|===============================================================================

Reading input file 'dftb_in.hsd'
Parser version: 14

--------------------------------------------------------------------------------
Reading SK-files:
./skf/O-O.skf
./skf/O-H.skf
./skf/H-H.skf
Done.


Processed input in HSD format written to 'dftb_pin.hsd'

Starting initialization...
--------------------------------------------------------------------------------
OpenMP threads:              4
Specified random seed:       12345
Current stacksize:           8 [Mb] (recommended: unlimited)
WARNING!
-> Current stacksize not set to unlimited or hard limit, which might cause
   random crashes (e.g. segmentation faults). It is advised to unlimit the
   stacksize by issuing 'ulimit -s unlimited' (Linux) or setting it to the 
   hard limit by 'ulimit -s hard' (Mac) in advance.
Mode:                        MD with scaling of velocities according to temperature
                             (a.k.a. 'not' NVT ensemble using Berendsen thermostating)
Self consistent charges:     Yes
SCC-tolerance:                 0.100000E-04
Max. scc iterations:                    100
Shell resolved Hubbard:      No
Spin polarisation:           No
Nr. of up electrons:             4.000000
Nr. of down electrons:           4.000000
Periodic boundaries:         No
Electronic solver:           Relatively robust
Mixer:                       Broyden mixer
Mixing parameter:                  0.200000
Nr. of chrg. vec. in memory:            100
Max. SCC-cycles:                        100
Electronic temperature:              0.100000E-07 H      0.272114E-06 eV
Time step:                     0.206707E+02
Initial charges:             Set automatically (system chrg:   0.000E+00)
Included shells:             O:  s, p
                             H:  s
Extra options:
                             Mulliken analysis
Force type                   original

--------------------------------------------------------------------------------

***  Geometry step: 0

 iSCC Total electronic   Diff electronic      SCC error    
    1   -0.39511797E+01    0.00000000E+00    0.88081627E+00
    2   -0.39705438E+01   -0.39511797E+01    0.55742893E+00
    3   -0.39841371E+01   -0.19364070E-01    0.32497352E-01
    4   -0.39841854E+01   -0.13593374E-01    0.19288772E-02
    5   -0.39841856E+01   -0.48242063E-04    0.87062163E-05

Total Energy:                       -3.9798793068 H         -108.2980 eV
Extrapolated to 0K:                 -3.9798793068 H         -108.2980 eV
Total Mermin free energy:           -3.9798793068 H         -108.2980 eV
Force related energy:               -3.9798793068 H         -108.2980 eV

>> Charges saved for restart in charges.bin
 TempProfile:           2   9.5004460357391702E-004
MD Temperature:                      0.0009500446 H          300.0000 K
MD Kinetic Energy:                   0.0028501338 H            0.0776 eV
Total MD Energy:                    -3.9770291730 H         -108.2205 eV

--------------------------------------------------------------------------------

***  Geometry step: 1

 iSCC Total electronic   Diff electronic      SCC error    
    1   -0.39862719E+01    0.00000000E+00    0.69097236E-02
    2   -0.39862733E+01   -0.20863616E-02    0.41758457E-02
    3   -0.39862741E+01   -0.13673818E-05    0.46287233E-04
    4   -0.39862741E+01   -0.78721223E-06    0.18625025E-04
    5   -0.39862741E+01   -0.59165561E-10    0.64146022E-09

Total Energy:                       -3.9818349724 H         -108.3512 eV
Extrapolated to 0K:                 -3.9818349724 H         -108.3512 eV
Total Mermin free energy:           -3.9818349724 H         -108.3512 eV
Force related energy:               -3.9818349724 H         -108.3512 eV

 TempProfile:           3   9.5004460357391702E-004
MD Temperature:                      0.0015997689 H          505.1665 K
MD Kinetic Energy:                   0.0047993067 H            0.1306 eV
Total MD Energy:                    -3.9770356657 H         -108.2206 eV

--------------------------------------------------------------------------------

***  Geometry step: 2

 iSCC Total electronic   Diff electronic      SCC error    
    1   -0.39938709E+01    0.00000000E+00    0.17682851E-01
    2   -0.39938792E+01   -0.75967902E-02    0.10894854E-01
    3   -0.39938843E+01   -0.83014422E-05    0.63217800E-04
    4   -0.39938843E+01   -0.50832239E-05    0.41645555E-04
    5   -0.39938843E+01   -0.60735417E-10    0.95315302E-08

Total Energy:                       -3.9889040555 H         -108.5436 eV
Extrapolated to 0K:                 -3.9889040555 H         -108.5436 eV
Total Mermin free energy:           -3.9889040555 H         -108.5436 eV
Force related energy:               -3.9889040555 H         -108.5436 eV

 TempProfile:           4   9.5004460357391702E-004
MD Temperature:                      0.0039409732 H         1244.4594 K
MD Kinetic Energy:                   0.0118229195 H            0.3217 eV
Total MD Energy:                    -3.9770811360 H         -108.2219 eV

--------------------------------------------------------------------------------

***  Geometry step: 3

 iSCC Total electronic   Diff electronic      SCC error    
    1   -0.40072722E+01    0.00000000E+00    0.27046421E-01
    2   -0.40072892E+01   -0.13387918E-01    0.17160326E-01
    3   -0.40073007E+01   -0.17027586E-04    0.78646257E-04
    4   -0.40073007E+01   -0.11485093E-04    0.51028940E-04
    5   -0.40073007E+01   -0.80584428E-10    0.31070688E-07

Total Energy:                       -4.0008186316 H         -108.8678 eV
Extrapolated to 0K:                 -4.0008186316 H         -108.8678 eV
Total Mermin free energy:           -4.0008186316 H         -108.8678 eV
Force related energy:               -4.0008186316 H         -108.8678 eV

 TempProfile:           5   9.5004460357391702E-004
MD Temperature:                      0.0078703715 H         2485.2638 K
MD Kinetic Energy:                   0.0236111144 H            0.6425 eV
Total MD Energy:                    -3.9772075172 H         -108.2253 eV

--------------------------------------------------------------------------------

***  Geometry step: 4

 iSCC Total electronic   Diff electronic      SCC error    
    1   -0.40270218E+01    0.00000000E+00    0.33963743E-01
    2   -0.40270440E+01   -0.19721122E-01    0.22326855E-01
    3   -0.40270609E+01   -0.22178528E-04    0.84819121E-04
    4   -0.40270609E+01   -0.16898455E-04    0.54256944E-04
    5   -0.40270609E+01   -0.81787022E-10    0.49531492E-07

Total Energy:                       -4.0169017549 H         -109.3055 eV
Extrapolated to 0K:                 -4.0169017549 H         -109.3055 eV
Total Mermin free energy:           -4.0169017549 H         -109.3055 eV
Force related energy:               -4.0169017549 H         -109.3055 eV

 TempProfile:           6   9.5004460357391702E-004
MD Temperature:                      0.0131441128 H         4150.5776 K
MD Kinetic Energy:                   0.0394323384 H            1.0730 eV
Total MD Energy:                    -3.9774694165 H         -108.2324 eV

--------------------------------------------------------------------------------

***  Geometry step: 5

 iSCC Total electronic   Diff electronic      SCC error    
    1   -0.40539469E+01    0.00000000E+00    0.37136979E-01
    2   -0.40539674E+01   -0.26886002E-01    0.25339169E-01
    3   -0.40539854E+01   -0.20563997E-04    0.73731140E-04
    4   -0.40539854E+01   -0.17935619E-04    0.47130938E-04
    5   -0.40539854E+01   -0.51596949E-10    0.44077027E-07

Total Energy:                       -4.0355596070 H         -109.8132 eV
Extrapolated to 0K:                 -4.0355596070 H         -109.8132 eV
Total Mermin free energy:           -4.0355596070 H         -109.8132 eV
Force related energy:               -4.0355596070 H         -109.8132 eV

 TempProfile:           7   9.5004460357391702E-004
MD Temperature:                      0.0191978983 H         6062.2096 K
MD Kinetic Energy:                   0.0575936948 H            1.5672 eV
Total MD Energy:                    -3.9779659122 H         -108.2460 eV

--------------------------------------------------------------------------------

***  Geometry step: 6

 iSCC Total electronic   Diff electronic      SCC error    
    1   -0.40889531E+01    0.00000000E+00    0.35366377E-01
    2   -0.40889667E+01   -0.34967716E-01    0.24992584E-01
    3   -0.40889802E+01   -0.13582279E-04    0.44351139E-04
    4   -0.40889802E+01   -0.13563437E-04    0.28407556E-04
    5   -0.40889802E+01   -0.14982682E-10    0.20711387E-07

Total Energy:                       -4.0532450858 H         -110.2944 eV
Extrapolated to 0K:                 -4.0532450858 H         -110.2944 eV
Total Mermin free energy:           -4.0532450858 H         -110.2944 eV
Force related energy:               -4.0532450858 H         -110.2944 eV

 TempProfile:           8   9.5004460357391702E-004
MD Temperature:                      0.0248258236 H         7839.3657 K
MD Kinetic Energy:                   0.0744774708 H            2.0266 eV
Total MD Energy:                    -3.9787676150 H         -108.2678 eV

--------------------------------------------------------------------------------

***  Geometry step: 7

 iSCC Total electronic   Diff electronic      SCC error    
    1   -0.41321834E+01    0.00000000E+00    0.28516824E-01
    2   -0.41321895E+01   -0.43203127E-01    0.20764495E-01
    3   -0.41321964E+01   -0.60947874E-05    0.91546054E-05

Total Energy:                       -4.0635789947 H         -110.5756 eV
Extrapolated to 0K:                 -4.0635789947 H         -110.5756 eV
Total Mermin free energy:           -4.0635789947 H         -110.5756 eV
Force related energy:               -4.0635789947 H         -110.5756 eV

 TempProfile:           9   9.5004460357391702E-004
MD Temperature:                      0.0279082755 H         8812.7258 K
MD Kinetic Energy:                   0.0837248264 H            2.2783 eV
Total MD Energy:                    -3.9798541684 H         -108.2973 eV

--------------------------------------------------------------------------------

***  Geometry step: 8

 iSCC Total electronic   Diff electronic      SCC error    
    1   -0.41810223E+01    0.00000000E+00    0.18494549E-01
    2   -0.41810240E+01   -0.48825902E-01    0.13781045E-01
    3   -0.41810261E+01   -0.17225952E-05    0.15206069E-04
    4   -0.41810261E+01   -0.21513356E-05    0.11444452E-04
    5   -0.41810261E+01   -0.10196288E-11    0.26053470E-09

Total Energy:                       -4.0583349036 H         -110.4329 eV
Extrapolated to 0K:                 -4.0583349036 H         -110.4329 eV
Total Mermin free energy:           -4.0583349036 H         -110.4329 eV
Force related energy:               -4.0583349036 H         -110.4329 eV

 TempProfile:          10   9.5004460357391702E-004
MD Temperature:                      0.0259054331 H         8180.2790 K
MD Kinetic Energy:                   0.0777162994 H            2.1148 eV
Total MD Energy:                    -3.9806186041 H         -108.3181 eV

--------------------------------------------------------------------------------

***  Geometry step: 9

 iSCC Total electronic   Diff electronic      SCC error    
    1   -0.42270269E+01    0.00000000E+00    0.89731023E-02
    2   -0.42270272E+01   -0.46000821E-01    0.67911523E-02
    3   -0.42270276E+01   -0.28120190E-06    0.21370293E-04
    4   -0.42270276E+01   -0.37718261E-06    0.16370318E-04
    5   -0.42270276E+01   -0.18536284E-11    0.76383344E-11

Total Energy:                       -4.0360890476 H         -109.8276 eV
Extrapolated to 0K:                 -4.0360890476 H         -109.8276 eV
Total Mermin free energy:           -4.0360890476 H         -109.8276 eV
Force related energy:               -4.0360890476 H         -109.8276 eV

 TempProfile:          11   9.5004460357391702E-004
MD Temperature:                      0.0187547647 H         5922.2792 K
MD Kinetic Energy:                   0.0562642942 H            1.5310 eV
Total MD Energy:                    -3.9798247534 H         -108.2965 eV

--------------------------------------------------------------------------------

***  Geometry step: 10

 iSCC Total electronic   Diff electronic      SCC error    
    1   -0.42554596E+01    0.00000000E+00    0.34516739E-02
    2   -0.42554597E+01   -0.28432040E-01    0.26339151E-02
    3   -0.42554597E+01   -0.32786784E-07    0.18591907E-04
    4   -0.42554597E+01   -0.45772059E-07    0.99095898E-05

Total Energy:                       -4.0157804351 H         -109.2749 eV
Extrapolated to 0K:                 -4.0157804351 H         -109.2749 eV
Total Mermin free energy:           -4.0157804351 H         -109.2749 eV
Force related energy:               -4.0157804351 H         -109.2749 eV

>> Charges saved for restart in charges.bin
 TempProfile:          12   9.5004460357391702E-004
MD Temperature:                      0.0125613336 H         3966.5507 K
MD Kinetic Energy:                   0.0376840009 H            1.0254 eV
Total MD Energy:                    -3.9780964342 H         -108.2495 eV

--------------------------------------------------------------------------------

***  Geometry step: 11

 iSCC Total electronic   Diff electronic      SCC error    
    1   -0.42536705E+01    0.00000000E+00    0.29498019E-02
    2   -0.42536705E+01    0.17892480E-02    0.22540971E-02
    3   -0.42536705E+01   -0.22709733E-07    0.16257953E-04
    4   -0.42536705E+01   -0.31928001E-07    0.76368008E-05

Total Energy:                       -4.0234437827 H         -109.4835 eV
Extrapolated to 0K:                 -4.0234437827 H         -109.4835 eV
Total Mermin free energy:           -4.0234437827 H         -109.4835 eV
Force related energy:               -4.0234437827 H         -109.4835 eV

 TempProfile:          13   9.5004460357391702E-004
MD Temperature:                      0.0148792472 H         4698.4890 K
MD Kinetic Energy:                   0.0446377415 H            1.2147 eV
Total MD Energy:                    -3.9788060411 H         -108.2688 eV

--------------------------------------------------------------------------------

***  Geometry step: 12

 iSCC Total electronic   Diff electronic      SCC error    
    1   -0.42235769E+01    0.00000000E+00    0.50973194E-02
    2   -0.42235770E+01    0.30093653E-01    0.38766479E-02
    3   -0.42235771E+01   -0.76522901E-07    0.16062313E-04
    4   -0.42235771E+01   -0.10503075E-06    0.11449540E-04
    5   -0.42235771E+01   -0.17150725E-11    0.16049384E-11

Total Energy:                       -4.0519534029 H         -110.2593 eV
Extrapolated to 0K:                 -4.0519534029 H         -110.2593 eV
Total Mermin free energy:           -4.0519534029 H         -110.2593 eV
Force related energy:               -4.0519534029 H         -110.2593 eV

 TempProfile:          14   9.5004460357391702E-004
MD Temperature:                      0.0236167457 H         7457.5696 K
MD Kinetic Energy:                   0.0708502372 H            1.9279 eV
Total MD Energy:                    -3.9811031657 H         -108.3313 eV

--------------------------------------------------------------------------------

***  Geometry step: 13

 iSCC Total electronic   Diff electronic      SCC error    
    1   -0.41788873E+01    0.00000000E+00    0.58434910E-02
    2   -0.41788874E+01    0.44689772E-01    0.44001437E-02
    3   -0.41788876E+01   -0.12981753E-06    0.13989831E-04
    4   -0.41788876E+01   -0.17002430E-06    0.10263795E-04
    5   -0.41788876E+01   -0.16946444E-11    0.48370197E-11

Total Energy:                       -4.0725307080 H         -110.8192 eV
Extrapolated to 0K:                 -4.0725307080 H         -110.8192 eV
Total Mermin free energy:           -4.0725307080 H         -110.8192 eV
Force related energy:               -4.0725307080 H         -110.8192 eV

 TempProfile:          15   9.5004460357391702E-004
MD Temperature:                      0.0301480626 H         9519.9939 K
MD Kinetic Energy:                   0.0904441878 H            2.4611 eV
Total MD Energy:                    -3.9820865202 H         -108.3581 eV

--------------------------------------------------------------------------------

***  Geometry step: 14

 iSCC Total electronic   Diff electronic      SCC error    
    1   -0.41324336E+01    0.00000000E+00    0.30001801E-02
    2   -0.41324336E+01    0.46454029E-01    0.22270279E-02
    3   -0.41324337E+01   -0.46234143E-07    0.62170357E-05

Total Energy:                       -4.0732306974 H         -110.8382 eV
Extrapolated to 0K:                 -4.0732306974 H         -110.8382 eV
Total Mermin free energy:           -4.0732306974 H         -110.8382 eV
Force related energy:               -4.0732306974 H         -110.8382 eV

 TempProfile:          16   9.5004460357391702E-004
MD Temperature:                      0.0304181791 H         9605.2898 K
MD Kinetic Energy:                   0.0912545374 H            2.4832 eV
Total MD Energy:                    -3.9819761600 H         -108.3551 eV

--------------------------------------------------------------------------------

***  Geometry step: 15

 iSCC Total electronic   Diff electronic      SCC error    
    1   -0.40910110E+01    0.00000000E+00    0.24169493E-02
    2   -0.40910110E+01    0.41422656E-01    0.17624835E-02
    3   -0.40910111E+01   -0.40264120E-07    0.61904298E-05

Total Energy:                       -4.0594220158 H         -110.4625 eV
Extrapolated to 0K:                 -4.0594220158 H         -110.4625 eV
Total Mermin free energy:           -4.0594220158 H         -110.4625 eV
Force related energy:               -4.0594220158 H         -110.4625 eV

 TempProfile:          17   9.5004460357391702E-004
MD Temperature:                      0.0258996783 H         8178.4618 K
MD Kinetic Energy:                   0.0776990350 H            2.1143 eV
Total MD Energy:                    -3.9817229809 H         -108.3482 eV

--------------------------------------------------------------------------------

***  Geometry step: 16

 iSCC Total electronic   Diff electronic      SCC error    
    1   -0.40569454E+01    0.00000000E+00    0.77757969E-02
    2   -0.40569459E+01    0.34065720E-01    0.55571547E-02
    3   -0.40569465E+01   -0.54082492E-06    0.18516548E-04
    4   -0.40569465E+01   -0.56453974E-06    0.13017852E-04
    5   -0.40569465E+01   -0.72652995E-11    0.25322500E-09

Total Energy:                       -4.0397525475 H         -109.9273 eV
Extrapolated to 0K:                 -4.0397525475 H         -109.9273 eV
Total Mermin free energy:           -4.0397525475 H         -109.9273 eV
Force related energy:               -4.0397525475 H         -109.9273 eV

 TempProfile:          18   9.5004460357391702E-004
MD Temperature:                      0.0193818813 H         6120.3067 K
MD Kinetic Energy:                   0.0581456438 H            1.5822 eV
Total MD Energy:                    -3.9816069037 H         -108.3450 eV

--------------------------------------------------------------------------------

***  Geometry step: 17

 iSCC Total electronic   Diff electronic      SCC error    
    1   -0.40305315E+01    0.00000000E+00    0.10755333E-01
    2   -0.40305328E+01    0.26414931E-01    0.75295302E-02
    3   -0.40305341E+01   -0.12814950E-05    0.24187892E-04
    4   -0.40305341E+01   -0.12314383E-05    0.16597900E-04
    5   -0.40305341E+01   -0.14066970E-10    0.11557368E-08

Total Energy:                       -4.0202956214 H         -109.3978 eV
Extrapolated to 0K:                 -4.0202956214 H         -109.3978 eV
Total Mermin free energy:           -4.0202956214 H         -109.3978 eV
Force related energy:               -4.0202956214 H         -109.3978 eV

 TempProfile:          19   9.5004460357391702E-004
MD Temperature:                      0.0129017115 H         4074.0334 K
MD Kinetic Energy:                   0.0387051346 H            1.0532 eV
Total MD Energy:                    -3.9815904869 H         -108.3446 eV

--------------------------------------------------------------------------------

***  Geometry step: 18

 iSCC Total electronic   Diff electronic      SCC error    
    1   -0.40113955E+01    0.00000000E+00    0.10297939E-01
    2   -0.40113969E+01    0.19138532E-01    0.70769099E-02
    3   -0.40113981E+01   -0.13790029E-05    0.23129722E-04
    4   -0.40113981E+01   -0.12338190E-05    0.15550576E-04
    5   -0.40113981E+01   -0.15071500E-10    0.14294610E-08

Total Energy:                       -4.0043490866 H         -108.9639 eV
Extrapolated to 0K:                 -4.0043490866 H         -108.9639 eV
Total Mermin free energy:           -4.0043490866 H         -108.9639 eV
Force related energy:               -4.0043490866 H         -108.9639 eV

 TempProfile:          20   9.5004460357391702E-004
MD Temperature:                      0.0075779834 H         2392.9350 K
MD Kinetic Energy:                   0.0227339502 H            0.6186 eV
Total MD Energy:                    -3.9816151363 H         -108.3453 eV

--------------------------------------------------------------------------------

***  Geometry step: 19

 iSCC Total electronic   Diff electronic      SCC error    
    1   -0.39990844E+01    0.00000000E+00    0.65684547E-02
    2   -0.39990850E+01    0.12313758E-01    0.44534619E-02
    3   -0.39990855E+01   -0.62271694E-06    0.18306683E-04
    4   -0.39990855E+01   -0.52998515E-06    0.11704618E-04
    5   -0.39990855E+01   -0.12835510E-10    0.44005777E-09

Total Energy:                       -3.9933943786 H         -108.6658 eV
Extrapolated to 0K:                 -3.9933943786 H         -108.6658 eV
Total Mermin free energy:           -3.9933943786 H         -108.6658 eV
Force related energy:               -3.9933943786 H         -108.6658 eV

 TempProfile:          21   9.5004460357391702E-004
MD Temperature:                      0.0039198424 H         1237.7868 K
MD Kinetic Energy:                   0.0117595271 H            0.3200 eV
Total MD Energy:                    -3.9816348516 H         -108.3458 eV

--------------------------------------------------------------------------------

***  Geometry step: 20

 iSCC Total electronic   Diff electronic      SCC error    
    1   -0.39932703E+01    0.00000000E+00    0.54496890E-03
    2   -0.39932703E+01    0.58152446E-02    0.37453058E-03
    3   -0.39932703E+01   -0.68684445E-08    0.15590902E-04
    4   -0.39932703E+01   -0.60379133E-08    0.32842053E-07

Total Energy:                       -3.9880336103 H         -108.5199 eV
Extrapolated to 0K:                 -3.9880336103 H         -108.5199 eV
Total Mermin free energy:           -3.9880336103 H         -108.5199 eV
Force related energy:               -3.9880336103 H         -108.5199 eV

>> Charges saved for restart in charges.bin
 TempProfile:          22   9.5004460357391702E-004
MD Temperature:                      0.0021295114 H          672.4457 K
MD Kinetic Energy:                   0.0063885342 H            0.1738 eV
Total MD Energy:                    -3.9816450761 H         -108.3461 eV

--------------------------------------------------------------------------------

***  Geometry step: 21

 iSCC Total electronic   Diff electronic      SCC error    
    1   -0.39938136E+01    0.00000000E+00    0.64198450E-02
    2   -0.39938142E+01   -0.54325049E-03    0.43392810E-02
    3   -0.39938147E+01   -0.60805228E-06    0.17412530E-04
    4   -0.39938147E+01   -0.51193502E-06    0.10419934E-04
    5   -0.39938147E+01   -0.11005419E-10    0.42149484E-09

Total Energy:                       -3.9884716685 H         -108.5318 eV
Extrapolated to 0K:                 -3.9884716685 H         -108.5318 eV
Total Mermin free energy:           -3.9884716685 H         -108.5318 eV
Force related energy:               -3.9884716685 H         -108.5318 eV

 TempProfile:          23   9.5004460357391702E-004
MD Temperature:                      0.0022705675 H          716.9876 K
MD Kinetic Energy:                   0.0068117024 H            0.1854 eV
Total MD Energy:                    -3.9816599662 H         -108.3465 eV

--------------------------------------------------------------------------------

***  Geometry step: 22

 iSCC Total electronic   Diff electronic      SCC error    
    1   -0.40007937E+01    0.00000000E+00    0.12773768E-01
    2   -0.40007960E+01   -0.69790693E-02    0.87303368E-02
    3   -0.40007979E+01   -0.22149246E-05    0.22921438E-04
    4   -0.40007979E+01   -0.19430233E-05    0.14753320E-04
    5   -0.40007979E+01   -0.14668267E-10    0.25411673E-08

Total Energy:                       -3.9947043238 H         -108.7014 eV
Extrapolated to 0K:                 -3.9947043238 H         -108.7014 eV
Total Mermin free energy:           -3.9947043238 H         -108.7014 eV
Force related energy:               -3.9947043238 H         -108.7014 eV

 TempProfile:          24   9.5004460357391702E-004
MD Temperature:                      0.0043310072 H         1367.6223 K
MD Kinetic Energy:                   0.0129930215 H            0.3536 eV
Total MD Energy:                    -3.9817113023 H         -108.3479 eV

--------------------------------------------------------------------------------

***  Geometry step: 23

 iSCC Total electronic   Diff electronic      SCC error    
    1   -0.40145132E+01    0.00000000E+00    0.17041141E-01
    2   -0.40145166E+01   -0.13715249E-01    0.11850052E-01
    3   -0.40145198E+01   -0.34226069E-05    0.28988730E-04
    4   -0.40145198E+01   -0.32071677E-05    0.18617931E-04
    5   -0.40145198E+01   -0.20708768E-10    0.44887791E-08

Total Energy:                       -4.0064793776 H         -109.0219 eV
Extrapolated to 0K:                 -4.0064793776 H         -109.0219 eV
Total Mermin free energy:           -4.0064793776 H         -109.0219 eV
Force related energy:               -4.0064793776 H         -109.0219 eV

 TempProfile:          25   9.5004460357391702E-004
MD Temperature:                      0.0082105957 H         2592.6980 K
MD Kinetic Energy:                   0.0246317872 H            0.6703 eV
Total MD Energy:                    -3.9818475904 H         -108.3516 eV

--------------------------------------------------------------------------------

***  Geometry step: 24

 iSCC Total electronic   Diff electronic      SCC error    
    1   -0.40354773E+01    0.00000000E+00    0.18004251E-01
    2   -0.40354805E+01   -0.20957554E-01    0.12779963E-01
    3   -0.40354836E+01   -0.31300426E-05    0.30366559E-04
    4   -0.40354836E+01   -0.31809193E-05    0.20245147E-04
    5   -0.40354836E+01   -0.19974244E-10    0.31583420E-08

Total Energy:                       -4.0230202242 H         -109.4720 eV
Extrapolated to 0K:                 -4.0230202242 H         -109.4720 eV
Total Mermin free energy:           -4.0230202242 H         -109.4720 eV
Force related energy:               -4.0230202242 H         -109.4720 eV

 TempProfile:          26   9.5004460357391702E-004
MD Temperature:                      0.0136264560 H         4302.8893 K
MD Kinetic Energy:                   0.0408793680 H            1.1124 eV
Total MD Energy:                    -3.9821408562 H         -108.3596 eV

--------------------------------------------------------------------------------

***  Geometry step: 25

 iSCC Total electronic   Diff electronic      SCC error    
    1   -0.40643134E+01    0.00000000E+00    0.15058372E-01
    2   -0.40643151E+01   -0.28829749E-01    0.10915745E-01
    3   -0.40643170E+01   -0.16997792E-05    0.24243540E-04
    4   -0.40643170E+01   -0.18830813E-05    0.17070366E-04
    5   -0.40643170E+01   -0.10845547E-10    0.82926466E-09

Total Energy:                       -4.0423561647 H         -109.9981 eV
Extrapolated to 0K:                 -4.0423561647 H         -109.9981 eV
Total Mermin free energy:           -4.0423561647 H         -109.9981 eV
Force related energy:               -4.0423561647 H         -109.9981 eV

 TempProfile:          27   9.5004460357391702E-004
MD Temperature:                      0.0198866328 H         6279.6945 K
MD Kinetic Energy:                   0.0596598985 H            1.6234 eV
Total MD Energy:                    -3.9826962662 H         -108.3747 eV

--------------------------------------------------------------------------------

***  Geometry step: 26

 iSCC Total electronic   Diff electronic      SCC error    
    1   -0.41014527E+01    0.00000000E+00    0.86108165E-02
    2   -0.41014531E+01   -0.37135749E-01    0.63635577E-02
    3   -0.41014536E+01   -0.41214309E-06    0.12088513E-04
    4   -0.41014536E+01   -0.49601971E-06    0.89081981E-05

Total Energy:                       -4.0602155150 H         -110.4841 eV
Extrapolated to 0K:                 -4.0602155150 H         -110.4841 eV
Total Mermin free energy:           -4.0602155150 H         -110.4841 eV
Force related energy:               -4.0602155150 H         -110.4841 eV

 TempProfile:          28   9.5004460357391702E-004
MD Temperature:                      0.0255441793 H         8066.2042 K
MD Kinetic Energy:                   0.0766325379 H            2.0853 eV
Total MD Energy:                    -3.9835829771 H         -108.3988 eV

--------------------------------------------------------------------------------

***  Geometry step: 27

 iSCC Total electronic   Diff electronic      SCC error    
    1   -0.41463058E+01    0.00000000E+00    0.39940411E-03
    2   -0.41463058E+01   -0.44852210E-01    0.29993754E-03
    3   -0.41463058E+01   -0.68093975E-09    0.92241476E-06

Total Energy:                       -4.0691873991 H         -110.7282 eV
Extrapolated to 0K:                 -4.0691873991 H         -110.7282 eV
Total Mermin free energy:           -4.0691873991 H         -110.7282 eV
Force related energy:               -4.0691873991 H         -110.7282 eV

 TempProfile:          29   9.5004460357391702E-004
MD Temperature:                      0.0281466969 H         8888.0133 K
MD Kinetic Energy:                   0.0844400908 H            2.2977 eV
Total MD Energy:                    -3.9847473083 H         -108.4305 eV

--------------------------------------------------------------------------------

***  Geometry step: 28

 iSCC Total electronic   Diff electronic      SCC error    
    1   -0.41954422E+01    0.00000000E+00    0.68072429E-02
    2   -0.41954424E+01   -0.49136399E-01    0.51778910E-02
    3   -0.41954426E+01   -0.13331658E-06    0.94932053E-05

Total Energy:                       -4.0602433457 H         -110.4848 eV
Extrapolated to 0K:                 -4.0602433457 H         -110.4848 eV
Total Mermin free energy:           -4.0602433457 H         -110.4848 eV
Force related energy:               -4.0602433457 H         -110.4848 eV

 TempProfile:          30   9.5004460357391702E-004
MD Temperature:                      0.0249297436 H         7872.1810 K
MD Kinetic Energy:                   0.0747892308 H            2.0351 eV
Total MD Energy:                    -3.9854541148 H         -108.4497 eV

--------------------------------------------------------------------------------

***  Geometry step: 29

 iSCC Total electronic   Diff electronic      SCC error    
    1   -0.42398697E+01    0.00000000E+00    0.10430286E-01
    2   -0.42398699E+01   -0.44427109E-01    0.79977874E-02
    3   -0.42398703E+01   -0.24100660E-06    0.11143104E-04
    4   -0.42398703E+01   -0.34386747E-06    0.84269290E-05

Total Energy:                       -4.0329118112 H         -109.7411 eV
Extrapolated to 0K:                 -4.0329118112 H         -109.7411 eV
Total Mermin free energy:           -4.0329118112 H         -109.7411 eV
Force related energy:               -4.0329118112 H         -109.7411 eV

 TempProfile:          31   9.5004460357391702E-004
MD Temperature:                      0.0161658801 H         5104.7751 K
MD Kinetic Energy:                   0.0484976403 H            1.3197 eV
Total MD Energy:                    -3.9844141710 H         -108.4214 eV

--------------------------------------------------------------------------------

***  Geometry step: 30

 iSCC Total electronic   Diff electronic      SCC error    
    1   -0.42648409E+01    0.00000000E+00    0.10096371E-01
    2   -0.42648411E+01   -0.24970655E-01    0.77643692E-02
    3   -0.42648414E+01   -0.20354819E-06    0.85407339E-05

Total Energy:                       -4.0096955721 H         -109.1094 eV
Extrapolated to 0K:                 -4.0096955721 H         -109.1094 eV
Total Mermin free energy:           -4.0096955721 H         -109.1094 eV
Force related energy:               -4.0096955721 H         -109.1094 eV

>> Charges saved for restart in charges.bin
 TempProfile:          32   9.5004460357391702E-004
MD Temperature:                      0.0090724797 H         2864.8591 K
MD Kinetic Energy:                   0.0272174391 H            0.7406 eV
Total MD Energy:                    -3.9824781330 H         -108.3687 eV

--------------------------------------------------------------------------------

***  Geometry step: 31

 iSCC Total electronic   Diff electronic      SCC error    
    1   -0.42586788E+01    0.00000000E+00    0.86109847E-02
    2   -0.42586790E+01    0.61626062E-02    0.66030812E-02
    3   -0.42586792E+01   -0.16622191E-06    0.72147877E-05

Total Energy:                       -4.0190855480 H         -109.3649 eV
Extrapolated to 0K:                 -4.0190855480 H         -109.3649 eV
Total Mermin free energy:           -4.0190855480 H         -109.3649 eV
Force related energy:               -4.0190855480 H         -109.3649 eV

 TempProfile:          33   9.5004460357391702E-004
MD Temperature:                      0.0119069129 H         3759.9012 K
MD Kinetic Energy:                   0.0357207388 H            0.9720 eV
Total MD Energy:                    -3.9833648092 H         -108.3929 eV

--------------------------------------------------------------------------------

***  Geometry step: 32

 iSCC Total electronic   Diff electronic      SCC error    
    1   -0.42248274E+01    0.00000000E+00    0.98647621E-02
    2   -0.42248277E+01    0.33851832E-01    0.74949790E-02
    3   -0.42248281E+01   -0.29560070E-06    0.73159701E-05

Total Energy:                       -4.0510832930 H         -110.2356 eV
Extrapolated to 0K:                 -4.0510832930 H         -110.2356 eV
Total Mermin free energy:           -4.0510832930 H         -110.2356 eV
Force related energy:               -4.0510832930 H         -110.2356 eV

 TempProfile:          34   9.5004460357391702E-004
MD Temperature:                      0.0217596926 H         6871.1593 K
MD Kinetic Energy:                   0.0652790777 H            1.7763 eV
Total MD Energy:                    -3.9858042154 H         -108.4593 eV

--------------------------------------------------------------------------------

***  Geometry step: 33

 iSCC Total electronic   Diff electronic      SCC error    
    1   -0.41780874E+01    0.00000000E+00    0.15888037E-01
    2   -0.41780885E+01    0.46740673E-01    0.11879604E-01
    3   -0.41780900E+01   -0.11436952E-05    0.39135488E-05

Total Energy:                       -4.0737737193 H         -110.8530 eV
Extrapolated to 0K:                 -4.0737737193 H         -110.8530 eV
Total Mermin free energy:           -4.0737737193 H         -110.8530 eV
Force related energy:               -4.0737737193 H         -110.8530 eV

 TempProfile:          35   9.5004460357391702E-004
MD Temperature:                      0.0290274329 H         9166.1274 K
MD Kinetic Energy:                   0.0870822986 H            2.3696 eV
Total MD Energy:                    -3.9866914207 H         -108.4834 eV

--------------------------------------------------------------------------------

***  Geometry step: 34

 iSCC Total electronic   Diff electronic      SCC error    
    1   -0.41313666E+01    0.00000000E+00    0.25310831E-01
    2   -0.41313710E+01    0.46723405E-01    0.18496820E-01
    3   -0.41313760E+01   -0.43854242E-05    0.13425808E-04
    4   -0.41313760E+01   -0.50234349E-05    0.78834209E-05

Total Energy:                       -4.0753545153 H         -110.8960 eV
Extrapolated to 0K:                 -4.0753545153 H         -110.8960 eV
Total Mermin free energy:           -4.0753545153 H         -110.8960 eV
Force related energy:               -4.0753545153 H         -110.8960 eV

 TempProfile:          36   9.5004460357391702E-004
MD Temperature:                      0.0296263436 H         9355.2482 K
MD Kinetic Energy:                   0.0888790309 H            2.4185 eV
Total MD Energy:                    -3.9864754844 H         -108.4775 eV

--------------------------------------------------------------------------------

***  Geometry step: 35

 iSCC Total electronic   Diff electronic      SCC error    
    1   -0.40908457E+01    0.00000000E+00    0.34339657E-01
    2   -0.40908575E+01    0.40530270E-01    0.24373009E-01
    3   -0.40908694E+01   -0.11763455E-04    0.37973611E-04
    4   -0.40908694E+01   -0.11930937E-04    0.23115071E-04
    5   -0.40908694E+01   -0.14717116E-10    0.17395199E-07

Total Energy:                       -4.0621867244 H         -110.5377 eV
Extrapolated to 0K:                 -4.0621867244 H         -110.5377 eV
Total Mermin free energy:           -4.0621867244 H         -110.5377 eV
Force related energy:               -4.0621867244 H         -110.5377 eV

 TempProfile:          37   9.5004460357391702E-004
MD Temperature:                      0.0253319877 H         7999.1995 K
MD Kinetic Energy:                   0.0759959630 H            2.0680 eV
Total MD Energy:                    -3.9861907614 H         -108.4698 eV

--------------------------------------------------------------------------------

***  Geometry step: 36

 iSCC Total electronic   Diff electronic      SCC error    
    1   -0.40580905E+01    0.00000000E+00    0.39298519E-01
    2   -0.40581116E+01    0.32778963E-01    0.26967998E-01
    3   -0.40581305E+01   -0.21179113E-04    0.58570380E-04
    4   -0.40581305E+01   -0.18829197E-04    0.34564662E-04
    5   -0.40581305E+01   -0.45388582E-10    0.43141465E-07

Total Energy:                       -4.0431741838 H         -110.0204 eV
Extrapolated to 0K:                 -4.0431741838 H         -110.0204 eV
Total Mermin free energy:           -4.0431741838 H         -110.0204 eV
Force related energy:               -4.0431741838 H         -110.0204 eV

 TempProfile:          38   9.5004460357391702E-004
MD Temperature:                      0.0190331584 H         6010.1889 K
MD Kinetic Energy:                   0.0570994753 H            1.5538 eV
Total MD Energy:                    -3.9860747085 H         -108.4666 eV

--------------------------------------------------------------------------------

***  Geometry step: 37

 iSCC Total electronic   Diff electronic      SCC error    
    1   -0.40328059E+01    0.00000000E+00    0.38601815E-01
    2   -0.40328322E+01    0.25324605E-01    0.25577009E-01
    3   -0.40328527E+01   -0.26306026E-04    0.70230421E-04
    4   -0.40328527E+01   -0.20563076E-04    0.41414015E-04
    5   -0.40328527E+01   -0.77854168E-10    0.58140683E-07

Total Energy:                       -4.0242362103 H         -109.5050 eV
Extrapolated to 0K:                 -4.0242362103 H         -109.5050 eV
Total Mermin free energy:           -4.0242362103 H         -109.5050 eV
Force related energy:               -4.0242362103 H         -109.5050 eV

 TempProfile:          39   9.5004460357391702E-004
MD Temperature:                      0.0127221082 H         4017.3192 K
MD Kinetic Energy:                   0.0381663247 H            1.0386 eV
Total MD Energy:                    -3.9860698856 H         -108.4665 eV

--------------------------------------------------------------------------------

***  Geometry step: 38

 iSCC Total electronic   Diff electronic      SCC error    
    1   -0.40142829E+01    0.00000000E+00    0.32914025E-01
    2   -0.40143059E+01    0.18569875E-01    0.21113862E-01
    3   -0.40143220E+01   -0.23068928E-04    0.74533214E-04
    4   -0.40143220E+01   -0.16115819E-04    0.46098563E-04
    5   -0.40143220E+01   -0.95569774E-10    0.45314686E-07

Total Energy:                       -4.0084411451 H         -109.0752 eV
Extrapolated to 0K:                 -4.0084411451 H         -109.0752 eV
Total Mermin free energy:           -4.0084411451 H         -109.0752 eV
Force related energy:               -4.0084411451 H         -109.0752 eV

 TempProfile:          40   9.5004460357391702E-004
MD Temperature:                      0.0074469248 H         2351.5501 K
MD Kinetic Energy:                   0.0223407745 H            0.6079 eV
Total MD Energy:                    -3.9861003706 H         -108.4673 eV

--------------------------------------------------------------------------------

***  Geometry step: 39

 iSCC Total electronic   Diff electronic      SCC error    
    1   -0.40019263E+01    0.00000000E+00    0.23863360E-01
    2   -0.40019401E+01    0.12395740E-01    0.14922925E-01
    3   -0.40019489E+01   -0.13760690E-04    0.80544683E-04
    4   -0.40019489E+01   -0.88335082E-05    0.53162623E-04
    5   -0.40019489E+01   -0.12676082E-09    0.19965891E-07

Total Energy:                       -3.9971419416 H         -108.7678 eV
Extrapolated to 0K:                 -3.9971419416 H         -108.7678 eV
Total Mermin free energy:           -3.9971419416 H         -108.7678 eV
Force related energy:               -3.9971419416 H         -108.7678 eV

 TempProfile:          41   9.5004460357391702E-004
MD Temperature:                      0.0036741294 H         1160.1969 K
MD Kinetic Energy:                   0.0110223881 H            0.2999 eV
Total MD Energy:                    -3.9861195535 H         -108.4678 eV

--------------------------------------------------------------------------------

***  Geometry step: 40

 iSCC Total electronic   Diff electronic      SCC error    
    1   -0.39953416E+01    0.00000000E+00    0.13014325E-01
    2   -0.39953460E+01    0.66073147E-02    0.80158156E-02
    3   -0.39953487E+01   -0.43946011E-05    0.96961759E-04
    4   -0.39953487E+01   -0.26890639E-05    0.56454064E-04
    5   -0.39953487E+01   -0.26692737E-09    0.34379797E-08

Total Energy:                       -3.9908947449 H         -108.5978 eV
Extrapolated to 0K:                 -3.9908947449 H         -108.5978 eV
Total Mermin free energy:           -3.9908947449 H         -108.5978 eV
Force related energy:               -3.9908947449 H         -108.5978 eV

>> Charges saved for restart in charges.bin
 TempProfile:          42   9.5004460357391702E-004
MD Temperature:                      0.0015896122 H          501.9592 K
MD Kinetic Energy:                   0.0047688365 H            0.1298 eV
Total MD Energy:                    -3.9861259084 H         -108.4680 eV

--------------------------------------------------------------------------------

***  Geometry step: 41

 iSCC Total electronic   Diff electronic      SCC error    
    1   -0.39943150E+01    0.00000000E+00    0.15138579E-02
    2   -0.39943151E+01    0.10336826E-02    0.94545462E-03
    3   -0.39943151E+01   -0.70539892E-07    0.13674162E-03
    4   -0.39943151E+01   -0.46063373E-07    0.19657746E-06

Total Energy:                       -3.9898712403 H         -108.5699 eV
Extrapolated to 0K:                 -3.9898712403 H         -108.5699 eV
Total Mermin free energy:           -3.9898712403 H         -108.5699 eV
Force related energy:               -3.9898712403 H         -108.5699 eV

 TempProfile:          43   9.5004460357391702E-004
MD Temperature:                      0.0012468909 H          393.7365 K
MD Kinetic Energy:                   0.0037406728 H            0.1018 eV
Total MD Energy:                    -3.9861305675 H         -108.4681 eV

--------------------------------------------------------------------------------

***  Geometry step: 42

 iSCC Total electronic   Diff electronic      SCC error    
    1   -0.39988013E+01    0.00000000E+00    0.98437347E-02
    2   -0.39988037E+01   -0.44862106E-02    0.61168455E-02
    3   -0.39988053E+01   -0.24270191E-05    0.17120501E-03
    4   -0.39988053E+01   -0.15282247E-05    0.35973267E-04
    5   -0.39988053E+01   -0.10487291E-08    0.16028894E-08

Total Energy:                       -3.9940461202 H         -108.6835 eV
Extrapolated to 0K:                 -3.9940461202 H         -108.6835 eV
Total Mermin free energy:           -3.9940461202 H         -108.6835 eV
Force related energy:               -3.9940461202 H         -108.6835 eV

 TempProfile:          44   9.5004460357391702E-004
MD Temperature:                      0.0026297839 H          830.4191 K
MD Kinetic Energy:                   0.0078893516 H            0.2147 eV
Total MD Energy:                    -3.9861567686 H         -108.4688 eV

--------------------------------------------------------------------------------

***  Geometry step: 43

 iSCC Total electronic   Diff electronic      SCC error    
    1   -0.40089288E+01    0.00000000E+00    0.20349966E-01
    2   -0.40089382E+01   -0.10123532E-01    0.12915233E-01
    3   -0.40089446E+01   -0.94259933E-05    0.20705531E-03
    4   -0.40089446E+01   -0.63580211E-05    0.10647397E-03
    5   -0.40089446E+01   -0.10906875E-08    0.11871124E-07

Total Energy:                       -4.0032138468 H         -108.9330 eV
Extrapolated to 0K:                 -4.0032138468 H         -108.9330 eV
Total Mermin free energy:           -4.0032138468 H         -108.9330 eV
Force related energy:               -4.0032138468 H         -108.9330 eV

 TempProfile:          45   9.5004460357391702E-004
MD Temperature:                      0.0056568503 H         1786.2899 K
MD Kinetic Energy:                   0.0169705510 H            0.4618 eV
Total MD Energy:                    -3.9862432958 H         -108.4712 eV

--------------------------------------------------------------------------------

***  Geometry step: 44

 iSCC Total electronic   Diff electronic      SCC error    
    1   -0.40250239E+01    0.00000000E+00    0.29119439E-01
    2   -0.40250404E+01   -0.16079264E-01    0.19031539E-01
    3   -0.40250528E+01   -0.16562937E-04    0.22418381E-03
    4   -0.40250528E+01   -0.12353390E-04    0.13699100E-03
    5   -0.40250528E+01   -0.94281294E-09    0.29193933E-07

Total Energy:                       -4.0168392283 H         -109.3038 eV
Extrapolated to 0K:                 -4.0168392283 H         -109.3038 eV
Total Mermin free energy:           -4.0168392283 H         -109.3038 eV
Force related energy:               -4.0168392283 H         -109.3038 eV

 TempProfile:          46   9.5004460357391702E-004
MD Temperature:                      0.0101343114 H         3200.1586 K
MD Kinetic Energy:                   0.0304029343 H            0.8273 eV
Total MD Energy:                    -3.9864362940 H         -108.4765 eV

--------------------------------------------------------------------------------

***  Geometry step: 45

 iSCC Total electronic   Diff electronic      SCC error    
    1   -0.40476724E+01    0.00000000E+00    0.34997085E-01
    2   -0.40476917E+01   -0.22619605E-01    0.23652629E-01
    3   -0.40477080E+01   -0.19324612E-04    0.20280490E-03
    4   -0.40477080E+01   -0.16255992E-04    0.13607648E-03
    5   -0.40477080E+01   -0.55536642E-09    0.37787304E-07

Total Energy:                       -4.0337183945 H         -109.7631 eV
Extrapolated to 0K:                 -4.0337183945 H         -109.7631 eV
Total Mermin free energy:           -4.0337183945 H         -109.7631 eV
Force related energy:               -4.0337183945 H         -109.7631 eV

 TempProfile:          47   9.5004460357391702E-004
MD Temperature:                      0.0156357700 H         4937.3798 K
MD Kinetic Energy:                   0.0469073100 H            1.2764 eV
Total MD Energy:                    -3.9868110845 H         -108.4866 eV

--------------------------------------------------------------------------------

***  Geometry step: 46

 iSCC Total electronic   Diff electronic      SCC error    
    1   -0.40777040E+01    0.00000000E+00    0.36667139E-01
    2   -0.40777202E+01   -0.29996090E-01    0.25630114E-01
    3   -0.40777356E+01   -0.16111234E-04    0.13398481E-03
    4   -0.40777356E+01   -0.15401707E-04    0.95226391E-04
    5   -0.40777356E+01   -0.16992363E-09    0.27031974E-07

Total Energy:                       -4.0511950131 H         -110.2386 eV
Extrapolated to 0K:                 -4.0511950131 H         -110.2386 eV
Total Mermin free energy:           -4.0511950131 H         -110.2386 eV
Force related energy:               -4.0511950131 H         -110.2386 eV

 TempProfile:          48   9.5004460357391702E-004
MD Temperature:                      0.0212430394 H         6708.0133 K
MD Kinetic Energy:                   0.0637291182 H            1.7342 eV
Total MD Energy:                    -3.9874658949 H         -108.5045 eV

--------------------------------------------------------------------------------

***  Geometry step: 47

 iSCC Total electronic   Diff electronic      SCC error    
    1   -0.41157962E+01    0.00000000E+00    0.33228241E-01
    2   -0.41158057E+01   -0.38060669E-01    0.23945049E-01
    3   -0.41158160E+01   -0.94932210E-05    0.37761431E-04
    4   -0.41158160E+01   -0.10262800E-04    0.26199684E-04
    5   -0.41158160E+01   -0.98401287E-11    0.98480566E-08

Total Energy:                       -4.0640639312 H         -110.5888 eV
Extrapolated to 0K:                 -4.0640639312 H         -110.5888 eV
Total Mermin free energy:           -4.0640639312 H         -110.5888 eV
Force related energy:               -4.0640639312 H         -110.5888 eV

 TempProfile:          49   9.5004460357391702E-004
MD Temperature:                      0.0252068613 H         7959.6878 K
MD Kinetic Energy:                   0.0756205840 H            2.0577 eV
Total MD Energy:                    -3.9884433472 H         -108.5311 eV

--------------------------------------------------------------------------------

***  Geometry step: 48

 iSCC Total electronic   Diff electronic      SCC error    
    1   -0.41612071E+01    0.00000000E+00    0.25223038E-01
    2   -0.41612108E+01   -0.45391092E-01    0.18635910E-01
    3   -0.41612154E+01   -0.37725842E-05    0.46603769E-04
    4   -0.41612154E+01   -0.45392250E-05    0.34710993E-04
    5   -0.41612154E+01   -0.10317969E-10    0.15126140E-08

Total Energy:                       -4.0642193047 H         -110.5930 eV
Extrapolated to 0K:                 -4.0642193047 H         -110.5930 eV
Total Mermin free energy:           -4.0642193047 H         -110.5930 eV
Force related energy:               -4.0642193047 H         -110.5930 eV

 TempProfile:          50   9.5004460357391702E-004
MD Temperature:                      0.0249031598 H         7863.7865 K
MD Kinetic Energy:                   0.0747094793 H            2.0329 eV
Total MD Energy:                    -3.9895098254 H         -108.5601 eV

--------------------------------------------------------------------------------

***  Geometry step: 49

 iSCC Total electronic   Diff electronic      SCC error    
    1   -0.42091105E+01    0.00000000E+00    0.15029160E-01
    2   -0.42091114E+01   -0.47895115E-01    0.11308624E-01
    3   -0.42091126E+01   -0.92701911E-06    0.78381592E-04
    4   -0.42091126E+01   -0.12116482E-05    0.57932730E-04
    5   -0.42091126E+01   -0.26189717E-10    0.37210235E-10

Total Energy:                       -4.0449021421 H         -110.0674 eV
Extrapolated to 0K:                 -4.0449021421 H         -110.0674 eV
Total Mermin free energy:           -4.0449021421 H         -110.0674 eV
Force related energy:               -4.0449021421 H         -110.0674 eV

 TempProfile:          51   9.5004460357391702E-004
MD Temperature:                      0.0184465793 H         5824.9621 K
MD Kinetic Energy:                   0.0553397379 H            1.5059 eV
Total MD Energy:                    -3.9895624042 H         -108.5615 eV

--------------------------------------------------------------------------------

***  Geometry step: 50

 iSCC Total electronic   Diff electronic      SCC error    
    1   -0.42478206E+01    0.00000000E+00    0.59421219E-02
    2   -0.42478207E+01   -0.38707935E-01    0.45212839E-02
    3   -0.42478208E+01   -0.11111961E-06    0.71162186E-04
    4   -0.42478208E+01   -0.15356746E-06    0.33291225E-04
    5   -0.42478208E+01   -0.30201619E-10    0.74846795E-11

Total Energy:                       -4.0149518960 H         -109.2524 eV
Extrapolated to 0K:                 -4.0149518960 H         -109.2524 eV
Total Mermin free energy:           -4.0149518960 H         -109.2524 eV
Force related energy:               -4.0149518960 H         -109.2524 eV

>> Charges saved for restart in charges.bin
 TempProfile:          52   9.5004460357391702E-004
MD Temperature:                      0.0090784128 H         2866.7326 K
MD Kinetic Energy:                   0.0272352384 H            0.7411 eV
Total MD Energy:                    -3.9877166577 H         -108.5113 eV

--------------------------------------------------------------------------------

***  Geometry step: 51

 iSCC Total electronic   Diff electronic      SCC error    
    1   -0.42617628E+01    0.00000000E+00    0.11537479E-02
    2   -0.42617628E+01   -0.13941918E-01    0.89619782E-03
    3   -0.42617628E+01   -0.38365568E-08    0.95327603E-05

Total Energy:                       -4.0049476326 H         -108.9802 eV
Extrapolated to 0K:                 -4.0049476326 H         -108.9802 eV
Total Mermin free energy:           -4.0049476326 H         -108.9802 eV
Force related energy:               -4.0049476326 H         -108.9802 eV

 TempProfile:          53   9.5004460357391702E-004
MD Temperature:                      0.0060952780 H         1924.7343 K
MD Kinetic Energy:                   0.0182858340 H            0.4976 eV
Total MD Energy:                    -3.9866617986 H         -108.4826 eV

--------------------------------------------------------------------------------

***  Geometry step: 52

 iSCC Total electronic   Diff electronic      SCC error    
    1   -0.42443210E+01    0.00000000E+00    0.18618217E-02
    2   -0.42443211E+01    0.17441725E-01    0.14158640E-02
    3   -0.42443211E+01   -0.13523437E-07    0.36318605E-04
    4   -0.42443211E+01   -0.18923269E-07    0.21877936E-05

Total Energy:                       -4.0297749994 H         -109.6558 eV
Extrapolated to 0K:                 -4.0297749994 H         -109.6558 eV
Total Mermin free energy:           -4.0297749994 H         -109.6558 eV
Force related energy:               -4.0297749994 H         -109.6558 eV

 TempProfile:          54   9.5004460357391702E-004
MD Temperature:                      0.0136711598 H         4317.0057 K
MD Kinetic Energy:                   0.0410134795 H            1.1160 eV
Total MD Energy:                    -3.9887615199 H         -108.5397 eV

--------------------------------------------------------------------------------

***  Geometry step: 53

 iSCC Total electronic   Diff electronic      SCC error    
    1   -0.42049638E+01    0.00000000E+00    0.29558130E-02
    2   -0.42049638E+01    0.39357317E-01    0.22293091E-02
    3   -0.42049638E+01   -0.34188256E-07    0.17441318E-04
    4   -0.42049638E+01   -0.45265038E-07    0.76673548E-05

Total Energy:                       -4.0626692009 H         -110.5509 eV
Extrapolated to 0K:                 -4.0626692009 H         -110.5509 eV
Total Mermin free energy:           -4.0626692009 H         -110.5509 eV
Force related energy:               -4.0626692009 H         -110.5509 eV

 TempProfile:          55   9.5004460357391702E-004
MD Temperature:                      0.0239919014 H         7576.0342 K
MD Kinetic Energy:                   0.0719757042 H            1.9586 eV
Total MD Energy:                    -3.9906934966 H         -108.5923 eV

--------------------------------------------------------------------------------

***  Geometry step: 54

 iSCC Total electronic   Diff electronic      SCC error    
    1   -0.41586222E+01    0.00000000E+00    0.59075040E-02
    2   -0.41586223E+01    0.46341672E-01    0.43949933E-02
    3   -0.41586226E+01   -0.17391501E-06    0.15768813E-04
    4   -0.41586226E+01   -0.21545550E-06    0.11303370E-04
    5   -0.41586226E+01   -0.22524205E-11    0.26086688E-10

Total Energy:                       -4.0773350067 H         -110.9499 eV
Extrapolated to 0K:                 -4.0773350067 H         -110.9499 eV
Total Mermin free energy:           -4.0773350067 H         -110.9499 eV
Force related energy:               -4.0773350067 H         -110.9499 eV

 TempProfile:          56   9.5004460357391702E-004
MD Temperature:                      0.0288023996 H         9095.0676 K
MD Kinetic Energy:                   0.0864071987 H            2.3513 eV
Total MD Energy:                    -3.9909278080 H         -108.5987 eV

--------------------------------------------------------------------------------

***  Geometry step: 55

 iSCC Total electronic   Diff electronic      SCC error    
    1   -0.41150992E+01    0.00000000E+00    0.11020542E-01
    2   -0.41151000E+01    0.43523357E-01    0.80477921E-02
    3   -0.41151010E+01   -0.82736680E-06    0.57732709E-04
    4   -0.41151010E+01   -0.94521235E-06    0.41213497E-04
    5   -0.41151010E+01   -0.44948933E-10    0.35141667E-09

Total Energy:                       -4.0720259840 H         -110.8055 eV
Extrapolated to 0K:                 -4.0720259840 H         -110.8055 eV
Total Mermin free energy:           -4.0720259840 H         -110.8055 eV
Force related energy:               -4.0720259840 H         -110.8055 eV

 TempProfile:          57   9.5004460357391702E-004
MD Temperature:                      0.0271527062 H         8574.1362 K
MD Kinetic Energy:                   0.0814581185 H            2.2166 eV
Total MD Energy:                    -3.9905678654 H         -108.5889 eV

--------------------------------------------------------------------------------

***  Geometry step: 56

 iSCC Total electronic   Diff electronic      SCC error    
    1   -0.40783009E+01    0.00000000E+00    0.16147211E-01
    2   -0.40783033E+01    0.36800083E-01    0.11533108E-01
    3   -0.40783057E+01   -0.23722652E-05    0.89332014E-04
    4   -0.40783057E+01   -0.24711816E-05    0.62288785E-04
    5   -0.40783057E+01   -0.14861179E-09    0.17711228E-08

Total Energy:                       -4.0557708740 H         -110.3631 eV
Extrapolated to 0K:                 -4.0557708740 H         -110.3631 eV
Total Mermin free energy:           -4.0557708740 H         -110.3631 eV
Force related energy:               -4.0557708740 H         -110.3631 eV

 TempProfile:          58   9.5004460357391702E-004
MD Temperature:                      0.0218133297 H         6888.0965 K
MD Kinetic Energy:                   0.0654399890 H            1.7807 eV
Total MD Energy:                    -3.9903308850 H         -108.5824 eV

--------------------------------------------------------------------------------

***  Geometry step: 57

 iSCC Total electronic   Diff electronic      SCC error    
    1   -0.40490218E+01    0.00000000E+00    0.18862546E-01
    2   -0.40490259E+01    0.29283917E-01    0.13155599E-01
    3   -0.40490299E+01   -0.41302953E-05    0.97315542E-04
    4   -0.40490299E+01   -0.39138283E-05    0.67215046E-04
    5   -0.40490299E+01   -0.22505198E-09    0.45240425E-08

Total Energy:                       -4.0365444354 H         -109.8400 eV
Extrapolated to 0K:                 -4.0365444354 H         -109.8400 eV
Total Mermin free energy:           -4.0365444354 H         -109.8400 eV
Force related energy:               -4.0365444354 H         -109.8400 eV

 TempProfile:          59   9.5004460357391702E-004
MD Temperature:                      0.0154333498 H         4873.4606 K
MD Kinetic Energy:                   0.0463000493 H            1.2599 eV
Total MD Energy:                    -3.9902443862 H         -108.5801 eV

--------------------------------------------------------------------------------

***  Geometry step: 58

 iSCC Total electronic   Diff electronic      SCC error    
    1   -0.40269622E+01    0.00000000E+00    0.17909737E-01
    2   -0.40269667E+01    0.22067663E-01    0.12209244E-01
    3   -0.40269706E+01   -0.45050733E-05    0.86601619E-04
    4   -0.40269706E+01   -0.39144337E-05    0.59181183E-04
    5   -0.40269706E+01   -0.21379076E-09    0.56565774E-08

Total Energy:                       -4.0191040911 H         -109.3654 eV
Extrapolated to 0K:                 -4.0191040911 H         -109.3654 eV
Total Mermin free energy:           -4.0191040911 H         -109.3654 eV
Force related energy:               -4.0191040911 H         -109.3654 eV

 TempProfile:          60   9.5004460357391702E-004
MD Temperature:                      0.0096193404 H         3037.5438 K
MD Kinetic Energy:                   0.0288580213 H            0.7853 eV
Total MD Energy:                    -3.9902460699 H         -108.5801 eV

--------------------------------------------------------------------------------

***  Geometry step: 59

 iSCC Total electronic   Diff electronic      SCC error    
    1   -0.40116180E+01    0.00000000E+00    0.13409245E-01
    2   -0.40116209E+01    0.15352576E-01    0.89712214E-02
    3   -0.40116233E+01   -0.28975119E-05    0.74328549E-04
    4   -0.40116233E+01   -0.23522133E-05    0.48203475E-04
    5   -0.40116233E+01   -0.18290347E-09    0.31132084E-08

Total Energy:                       -4.0057550566 H         -109.0021 eV
Extrapolated to 0K:                 -4.0057550566 H         -109.0021 eV
Total Mermin free energy:           -4.0057550566 H         -109.0021 eV
Force related energy:               -4.0057550566 H         -109.0021 eV

 TempProfile:          61   9.5004460357391702E-004
MD Temperature:                      0.0051641701 H         1630.7140 K
MD Kinetic Energy:                   0.0154925103 H            0.4216 eV
Total MD Energy:                    -3.9902625463 H         -108.5806 eV

--------------------------------------------------------------------------------

***  Geometry step: 60

 iSCC Total electronic   Diff electronic      SCC error    
    1   -0.40025895E+01    0.00000000E+00    0.62712240E-02
    2   -0.40025902E+01    0.90337847E-02    0.41448142E-02
    3   -0.40025908E+01   -0.70865818E-06    0.77334946E-04
    4   -0.40025908E+01   -0.55478248E-06    0.16267481E-04
    5   -0.40025908E+01   -0.29309000E-09    0.33196645E-09

Total Energy:                       -3.9974897072 H         -108.7772 eV
Extrapolated to 0K:                 -3.9974897072 H         -108.7772 eV
Total Mermin free energy:           -3.9974897072 H         -108.7772 eV
Force related energy:               -3.9974897072 H         -108.7772 eV

>> Charges saved for restart in charges.bin
 TempProfile:          62   9.5004460357391702E-004
MD Temperature:                      0.0024066318 H          759.9533 K
MD Kinetic Energy:                   0.0072198955 H            0.1965 eV
Total MD Energy:                    -3.9902698117 H         -108.5808 eV

--------------------------------------------------------------------------------

***  Geometry step: 61

 iSCC Total electronic   Diff electronic      SCC error    
    1   -0.39996445E+01    0.00000000E+00    0.23004706E-02
    2   -0.39996446E+01    0.29463140E-02    0.15244885E-02
    3   -0.39996447E+01   -0.10896030E-06    0.89108674E-04
    4   -0.39996447E+01   -0.89717525E-07    0.62262073E-06

Total Energy:                       -3.9946971630 H         -108.7012 eV
Extrapolated to 0K:                 -3.9946971630 H         -108.7012 eV
Total Mermin free energy:           -3.9946971630 H         -108.7012 eV
Force related energy:               -3.9946971630 H         -108.7012 eV

 TempProfile:          63   9.5004460357391702E-004
MD Temperature:                      0.0014746557 H          465.6589 K
MD Kinetic Energy:                   0.0044239672 H            0.1204 eV
Total MD Energy:                    -3.9902731958 H         -108.5809 eV

--------------------------------------------------------------------------------

***  Geometry step: 62

 iSCC Total electronic   Diff electronic      SCC error    
    1   -0.40027372E+01    0.00000000E+00    0.11060381E-01
    2   -0.40027392E+01   -0.30925494E-02    0.73620187E-02
    3   -0.40027408E+01   -0.20097267E-05    0.12142219E-03
    4   -0.40027408E+01   -0.16015564E-05    0.48679310E-04
    5   -0.40027408E+01   -0.69612405E-09    0.20478117E-08

Total Energy:                       -3.9974756855 H         -108.7768 eV
Extrapolated to 0K:                 -3.9974756855 H         -108.7768 eV
Total Mermin free energy:           -3.9974756855 H         -108.7768 eV
Force related energy:               -3.9974756855 H         -108.7768 eV

 TempProfile:          64   9.5004460357391702E-004
MD Temperature:                      0.0023947649 H          756.2060 K
MD Kinetic Energy:                   0.0071842947 H            0.1955 eV
Total MD Energy:                    -3.9902913907 H         -108.5814 eV

--------------------------------------------------------------------------------

***  Geometry step: 63

 iSCC Total electronic   Diff electronic      SCC error    
    1   -0.40120272E+01    0.00000000E+00    0.18743357E-01
    2   -0.40120324E+01   -0.92864226E-02    0.12669866E-01
    3   -0.40120368E+01   -0.51893358E-05    0.15284293E-03
    4   -0.40120368E+01   -0.43665710E-05    0.83717250E-04
    5   -0.40120368E+01   -0.89513374E-09    0.77367872E-08

Total Energy:                       -4.0057261889 H         -109.0014 eV
Extrapolated to 0K:                 -4.0057261889 H         -109.0014 eV
Total Mermin free energy:           -4.0057261889 H         -109.0014 eV
Force related energy:               -4.0057261889 H         -109.0014 eV

 TempProfile:          65   9.5004460357391702E-004
MD Temperature:                      0.0051212895 H         1617.1734 K
MD Kinetic Energy:                   0.0153638685 H            0.4181 eV
Total MD Energy:                    -3.9903623204 H         -108.5833 eV

--------------------------------------------------------------------------------

***  Geometry step: 64

 iSCC Total electronic   Diff electronic      SCC error    
    1   -0.40278834E+01    0.00000000E+00    0.24027112E-01
    2   -0.40278907E+01   -0.15846632E-01    0.16593949E-01
    3   -0.40278973E+01   -0.72347368E-05    0.16752669E-03
    4   -0.40278973E+01   -0.65953184E-05    0.10202415E-03
    5   -0.40278973E+01   -0.89108010E-09    0.11878130E-07

Total Energy:                       -4.0190309226 H         -109.3634 eV
Extrapolated to 0K:                 -4.0190309226 H         -109.3634 eV
Total Mermin free energy:           -4.0190309226 H         -109.3634 eV
Force related energy:               -4.0190309226 H         -109.3634 eV

 TempProfile:          66   9.5004460357391702E-004
MD Temperature:                      0.0094976933 H         2999.1308 K
MD Kinetic Energy:                   0.0284930798 H            0.7753 eV
Total MD Energy:                    -3.9905378428 H         -108.5881 eV

--------------------------------------------------------------------------------

***  Geometry step: 65

 iSCC Total electronic   Diff electronic      SCC error    
    1   -0.40508885E+01    0.00000000E+00    0.25686873E-01
    2   -0.40508951E+01   -0.22991250E-01    0.18173379E-01
    3   -0.40509017E+01   -0.66135607E-05    0.14955630E-03
    4   -0.40509017E+01   -0.66238216E-05    0.99428146E-04
    5   -0.40509017E+01   -0.56073102E-09    0.89117886E-08

Total Energy:                       -4.0362864362 H         -109.8329 eV
Extrapolated to 0K:                 -4.0362864362 H         -109.8329 eV
Total Mermin free energy:           -4.0362864362 H         -109.8329 eV
Force related energy:               -4.0362864362 H         -109.8329 eV

 TempProfile:          67   9.5004460357391702E-004
MD Temperature:                      0.0151291241 H         4777.3938 K
MD Kinetic Energy:                   0.0453873722 H            1.2351 eV
Total MD Energy:                    -3.9908990640 H         -108.5979 eV

--------------------------------------------------------------------------------

***  Geometry step: 66

 iSCC Total electronic   Diff electronic      SCC error    
    1   -0.40817437E+01    0.00000000E+00    0.22978754E-01
    2   -0.40817477E+01   -0.30841944E-01    0.16647235E-01
    3   -0.40817521E+01   -0.40094077E-05    0.98660803E-04
    4   -0.40817521E+01   -0.44250784E-05    0.71210486E-04
    5   -0.40817521E+01   -0.17966872E-09    0.31051304E-08

Total Energy:                       -4.0548762331 H         -110.3388 eV
Extrapolated to 0K:                 -4.0548762331 H         -110.3388 eV
Total Mermin free energy:           -4.0548762331 H         -110.3388 eV
Force related energy:               -4.0548762331 H         -110.3388 eV

 TempProfile:          68   9.5004460357391702E-004
MD Temperature:                      0.0211085329 H         6665.5395 K
MD Kinetic Energy:                   0.0633255988 H            1.7232 eV
Total MD Energy:                    -3.9915506343 H         -108.6156 eV

--------------------------------------------------------------------------------

***  Geometry step: 67

 iSCC Total electronic   Diff electronic      SCC error    
    1   -0.41208442E+01    0.00000000E+00    0.16271060E-01
    2   -0.41208456E+01   -0.39092033E-01    0.12038209E-01
    3   -0.41208474E+01   -0.14614209E-05    0.36006488E-04
    4   -0.41208474E+01   -0.17663124E-05    0.27160315E-04
    5   -0.41208474E+01   -0.15761614E-10    0.33688519E-09

Total Energy:                       -4.0694924031 H         -110.7365 eV
Extrapolated to 0K:                 -4.0694924031 H         -110.7365 eV
Total Mermin free energy:           -4.0694924031 H         -110.7365 eV
Force related energy:               -4.0694924031 H         -110.7365 eV

 TempProfile:          69   9.5004460357391702E-004
MD Temperature:                      0.0256463236 H         8098.4588 K
MD Kinetic Energy:                   0.0769389709 H            2.0936 eV
Total MD Energy:                    -3.9925534322 H         -108.6429 eV

--------------------------------------------------------------------------------

***  Geometry step: 68

 iSCC Total electronic   Diff electronic      SCC error    
    1   -0.41671572E+01    0.00000000E+00    0.75348351E-02
    2   -0.41671574E+01   -0.46309808E-01    0.56701577E-02
    3   -0.41671577E+01   -0.23051339E-06    0.13122265E-04
    4   -0.41671577E+01   -0.30142521E-06    0.98871516E-05

Total Energy:                       -4.0715399879 H         -110.7922 eV
Extrapolated to 0K:                 -4.0715399879 H         -110.7922 eV
Total Mermin free energy:           -4.0715399879 H         -110.7922 eV
Force related energy:               -4.0715399879 H         -110.7922 eV

 TempProfile:          70   9.5004460357391702E-004
MD Temperature:                      0.0259404941 H         8191.3504 K
MD Kinetic Energy:                   0.0778214822 H            2.1176 eV
Total MD Energy:                    -3.9937185057 H         -108.6746 eV

--------------------------------------------------------------------------------

***  Geometry step: 69

 iSCC Total electronic   Diff electronic      SCC error    
    1   -0.42159029E+01    0.00000000E+00    0.11425961E-02
    2   -0.42159029E+01   -0.48745157E-01    0.88010728E-03
    3   -0.42159029E+01   -0.77930595E-08    0.16904010E-05

Total Energy:                       -4.0527291932 H         -110.2804 eV
Extrapolated to 0K:                 -4.0527291932 H         -110.2804 eV
Total Mermin free energy:           -4.0527291932 H         -110.2804 eV
Force related energy:               -4.0527291932 H         -110.2804 eV

 TempProfile:          71   9.5004460357391702E-004
MD Temperature:                      0.0195778888 H         6182.2010 K
MD Kinetic Energy:                   0.0587336665 H            1.5982 eV
Total MD Energy:                    -3.9939955267 H         -108.6821 eV

--------------------------------------------------------------------------------

***  Geometry step: 70

 iSCC Total electronic   Diff electronic      SCC error    
    1   -0.42558722E+01    0.00000000E+00    0.41835102E-02
    2   -0.42558722E+01   -0.39969283E-01    0.32137482E-02
    3   -0.42558723E+01   -0.41681870E-07    0.20931053E-04
    4   -0.42558723E+01   -0.60297599E-07    0.13338120E-04
    5   -0.42558723E+01   -0.27222669E-11    0.15635271E-11

Total Energy:                       -4.0190584893 H         -109.3641 eV
Extrapolated to 0K:                 -4.0190584893 H         -109.3641 eV
Total Mermin free energy:           -4.0190584893 H         -109.3641 eV
Force related energy:               -4.0190584893 H         -109.3641 eV

>> Charges saved for restart in charges.bin
 TempProfile:          72   9.5004460357391702E-004
MD Temperature:                      0.0089518005 H         2826.7517 K
MD Kinetic Energy:                   0.0268554016 H            0.7308 eV
Total MD Energy:                    -3.9922030878 H         -108.6334 eV

--------------------------------------------------------------------------------

***  Geometry step: 71

 iSCC Total electronic   Diff electronic      SCC error    
    1   -0.42714101E+01    0.00000000E+00    0.46245206E-02
    2   -0.42714102E+01   -0.15537823E-01    0.35583137E-02
    3   -0.42714102E+01   -0.45848204E-07    0.12616770E-04
    4   -0.42714102E+01   -0.66688202E-07    0.92962682E-05

Total Energy:                       -4.0015188882 H         -108.8869 eV
Extrapolated to 0K:                 -4.0015188882 H         -108.8869 eV
Total Mermin free energy:           -4.0015188882 H         -108.8869 eV
Force related energy:               -4.0015188882 H         -108.8869 eV

 TempProfile:          73   9.5004460357391702E-004
MD Temperature:                      0.0036447207 H         1150.9104 K
MD Kinetic Energy:                   0.0109341621 H            0.2975 eV
Total MD Energy:                    -3.9905847260 H         -108.5893 eV

--------------------------------------------------------------------------------

***  Geometry step: 72

 iSCC Total electronic   Diff electronic      SCC error    
    1   -0.42545900E+01    0.00000000E+00    0.44219672E-02
    2   -0.42545900E+01    0.16820243E-01    0.33888036E-02
    3   -0.42545901E+01   -0.47110651E-07    0.76905988E-05

Total Energy:                       -4.0224433672 H         -109.4563 eV
Extrapolated to 0K:                 -4.0224433672 H         -109.4563 eV
Total Mermin free energy:           -4.0224433672 H         -109.4563 eV
Force related energy:               -4.0224433672 H         -109.4563 eV

 TempProfile:          74   9.5004460357391702E-004
MD Temperature:                      0.0099989309 H         3157.4089 K
MD Kinetic Energy:                   0.0299967926 H            0.8163 eV
Total MD Energy:                    -3.9924465746 H         -108.6400 eV

--------------------------------------------------------------------------------

***  Geometry step: 73

 iSCC Total electronic   Diff electronic      SCC error    
    1   -0.42142041E+01    0.00000000E+00    0.70620589E-02
    2   -0.42142042E+01    0.40386006E-01    0.53594930E-02
    3   -0.42142045E+01   -0.15623847E-06    0.68801106E-05

Total Energy:                       -4.0578094173 H         -110.4186 eV
Extrapolated to 0K:                 -4.0578094173 H         -110.4186 eV
Total Mermin free energy:           -4.0578094173 H         -110.4186 eV
Force related energy:               -4.0578094173 H         -110.4186 eV

 TempProfile:          75   9.5004460357391702E-004
MD Temperature:                      0.0210507530 H         6647.2941 K
MD Kinetic Energy:                   0.0631522590 H            1.7185 eV
Total MD Energy:                    -3.9946571583 H         -108.7002 eV

--------------------------------------------------------------------------------

***  Geometry step: 74

 iSCC Total electronic   Diff electronic      SCC error    
    1   -0.41661486E+01    0.00000000E+00    0.14128399E-01
    2   -0.41661495E+01    0.48055888E-01    0.10551955E-01
    3   -0.41661506E+01   -0.91706931E-06    0.42213383E-04
    4   -0.41661506E+01   -0.11563930E-05    0.31532807E-04
    5   -0.41661506E+01   -0.14670043E-10    0.37209880E-09

Total Energy:                       -4.0766101249 H         -110.9302 eV
Extrapolated to 0K:                 -4.0766101249 H         -110.9302 eV
Total Mermin free energy:           -4.0766101249 H         -110.9302 eV
Force related energy:               -4.0766101249 H         -110.9302 eV

 TempProfile:          76   9.5004460357391702E-004
MD Temperature:                      0.0272049616 H         8590.6372 K
MD Kinetic Energy:                   0.0816148849 H            2.2209 eV
Total MD Energy:                    -3.9949952400 H         -108.7094 eV

--------------------------------------------------------------------------------

***  Geometry step: 75

 iSCC Total electronic   Diff electronic      SCC error    
    1   -0.41212483E+01    0.00000000E+00    0.23879659E-01
    2   -0.41212522E+01    0.44902321E-01    0.17444962E-01
    3   -0.41212566E+01   -0.38818415E-05    0.87188248E-04
    4   -0.41212566E+01   -0.44416327E-05    0.64476488E-04
    5   -0.41212566E+01   -0.85192298E-10    0.31051224E-08

Total Energy:                       -4.0741820777 H         -110.8641 eV
Extrapolated to 0K:                 -4.0741820777 H         -110.8641 eV
Total Mermin free energy:           -4.0741820777 H         -110.8641 eV
Force related energy:               -4.0741820777 H         -110.8641 eV

 TempProfile:          77   9.5004460357391702E-004
MD Temperature:                      0.0265305389 H         8377.6716 K
MD Kinetic Energy:                   0.0795916166 H            2.1658 eV
Total MD Energy:                    -3.9945904612 H         -108.6983 eV

--------------------------------------------------------------------------------

***  Geometry step: 76

 iSCC Total electronic   Diff electronic      SCC error    
    1   -0.40836994E+01    0.00000000E+00    0.32492353E-01
    2   -0.40837096E+01    0.37557273E-01    0.23098555E-01
    3   -0.40837201E+01   -0.10230425E-04    0.11684426E-03
    4   -0.40837201E+01   -0.10449505E-04    0.84061715E-04
    5   -0.40837201E+01   -0.19203572E-09    0.14315872E-07

Total Energy:                       -4.0595112938 H         -110.4649 eV
Extrapolated to 0K:                 -4.0595112938 H         -110.4649 eV
Total Mermin free energy:           -4.0595112938 H         -110.4649 eV
Force related energy:               -4.0595112938 H         -110.4649 eV

 TempProfile:          78   9.5004460357391702E-004
MD Temperature:                      0.0217351444 H         6863.4076 K
MD Kinetic Energy:                   0.0652054332 H            1.7743 eV
Total MD Energy:                    -3.9943058606 H         -108.6906 eV

--------------------------------------------------------------------------------

***  Geometry step: 77

 iSCC Total electronic   Diff electronic      SCC error    
    1   -0.40541092E+01    0.00000000E+00    0.36690925E-01
    2   -0.40541267E+01    0.29610891E-01    0.25301507E-01
    3   -0.40541426E+01   -0.17514138E-04    0.11457302E-03
    4   -0.40541426E+01   -0.15873022E-04    0.79267276E-04
    5   -0.40541426E+01   -0.21733104E-09    0.33470617E-07

Total Energy:                       -4.0410741049 H         -109.9632 eV
Extrapolated to 0K:                 -4.0410741049 H         -109.9632 eV
Total Mermin free energy:           -4.0410741049 H         -109.9632 eV
Force related energy:               -4.0410741049 H         -109.9632 eV

 TempProfile:          79   9.5004460357391702E-004
MD Temperature:                      0.0156251890 H         4934.0386 K
MD Kinetic Energy:                   0.0468755671 H            1.2755 eV
Total MD Energy:                    -3.9941985378 H         -108.6877 eV

--------------------------------------------------------------------------------

***  Geometry step: 78

 iSCC Total electronic   Diff electronic      SCC error    
    1   -0.40318925E+01    0.00000000E+00    0.35366704E-01
    2   -0.40319130E+01    0.22250011E-01    0.23656849E-01
    3   -0.40319296E+01   -0.20493806E-04    0.92209767E-04
    4   -0.40319296E+01   -0.16586981E-04    0.61240896E-04
    5   -0.40319296E+01   -0.16154011E-09    0.42040743E-07

Total Energy:                       -4.0239293359 H         -109.4967 eV
Extrapolated to 0K:                 -4.0239293359 H         -109.4967 eV
Total Mermin free energy:           -4.0239293359 H         -109.4967 eV
Force related energy:               -4.0239293359 H         -109.4967 eV

 TempProfile:          80   9.5004460357391702E-004
MD Temperature:                      0.0099113031 H         3129.7382 K
MD Kinetic Energy:                   0.0297339092 H            0.8091 eV
Total MD Energy:                    -3.9941954267 H         -108.6876 eV

--------------------------------------------------------------------------------

***  Geometry step: 79

 iSCC Total electronic   Diff electronic      SCC error    
    1   -0.40163302E+01    0.00000000E+00    0.29406662E-01
    2   -0.40163469E+01    0.15599460E-01    0.19151257E-01
    3   -0.40163593E+01   -0.16765367E-04    0.77054325E-04
    4   -0.40163593E+01   -0.12346874E-04    0.51678609E-04
    5   -0.40163593E+01   -0.12913315E-09    0.30119309E-07

Total Energy:                       -4.0105183332 H         -109.1318 eV
Extrapolated to 0K:                 -4.0105183332 H         -109.1318 eV
Total Mermin free energy:           -4.0105183332 H         -109.1318 eV
Force related energy:               -4.0105183332 H         -109.1318 eV

 TempProfile:          81   9.5004460357391702E-004
MD Temperature:                      0.0054351724 H         1716.2896 K
MD Kinetic Energy:                   0.0163055171 H            0.4437 eV
Total MD Energy:                    -3.9942128161 H         -108.6881 eV

--------------------------------------------------------------------------------

***  Geometry step: 80

 iSCC Total electronic   Diff electronic      SCC error    
    1   -0.40068912E+01    0.00000000E+00    0.20439198E-01
    2   -0.40069002E+01    0.94681116E-02    0.13053133E-01
    3   -0.40069065E+01   -0.90617586E-05    0.89993746E-04
    4   -0.40069065E+01   -0.62506437E-05    0.62810520E-04
    5   -0.40069065E+01   -0.22572166E-09    0.11587432E-07

Total Energy:                       -4.0018866627 H         -108.8969 eV
Extrapolated to 0K:                 -4.0018866627 H         -108.8969 eV
Total Mermin free energy:           -4.0018866627 H         -108.8969 eV
Force related energy:               -4.0018866627 H         -108.8969 eV

>> Charges saved for restart in charges.bin
 TempProfile:          82   9.5004460357391702E-004
MD Temperature:                      0.0025548858 H          806.7682 K
MD Kinetic Energy:                   0.0076646575 H            0.2086 eV
Total MD Energy:                    -3.9942220052 H         -108.6883 eV

--------------------------------------------------------------------------------

***  Geometry step: 81

 iSCC Total electronic   Diff electronic      SCC error    
    1   -0.40032532E+01    0.00000000E+00    0.99767227E-02
    2   -0.40032555E+01    0.36533195E-02    0.63035955E-02
    3   -0.40032571E+01   -0.23385795E-05    0.15658670E-03
    4   -0.40032571E+01   -0.15703694E-05    0.42767278E-04
    5   -0.40032571E+01   -0.94655839E-09    0.12776882E-08

Total Energy:                       -3.9984367097 H         -108.8030 eV
Extrapolated to 0K:                 -3.9984367097 H         -108.8030 eV
Total Mermin free energy:           -3.9984367097 H         -108.8030 eV
Force related energy:               -3.9984367097 H         -108.8030 eV

 TempProfile:          83   9.5004460357391702E-004
MD Temperature:                      0.0014032882 H          443.1229 K
MD Kinetic Energy:                   0.0042098647 H            0.1146 eV
Total MD Energy:                    -3.9942268450 H         -108.6884 eV

--------------------------------------------------------------------------------

***  Geometry step: 82

 iSCC Total electronic   Diff electronic      SCC error    
    1   -0.40052726E+01    0.00000000E+00    0.17358815E-02
    2   -0.40052727E+01   -0.20155451E-02    0.12274792E-02
    3   -0.40052727E+01   -0.49533209E-07    0.93567641E-04
    4   -0.40052727E+01   -0.49596514E-07    0.14838619E-06

Total Energy:                       -4.0002489702 H         -108.8523 eV
Extrapolated to 0K:                 -4.0002489702 H         -108.8523 eV
Total Mermin free energy:           -4.0002489702 H         -108.8523 eV
Force related energy:               -4.0002489702 H         -108.8523 eV

 TempProfile:          84   9.5004460357391702E-004
MD Temperature:                      0.0020018340 H          632.1284 K
MD Kinetic Energy:                   0.0060055021 H            0.1634 eV
Total MD Energy:                    -3.9942434681 H         -108.6889 eV

--------------------------------------------------------------------------------

***  Geometry step: 83

 iSCC Total electronic   Diff electronic      SCC error    
    1   -0.40129693E+01    0.00000000E+00    0.11223810E-01
    2   -0.40129718E+01   -0.76965540E-02    0.72490772E-02
    3   -0.40129736E+01   -0.25488890E-05    0.31089633E-03
    4   -0.40129736E+01   -0.18217381E-05    0.42850627E-04
    5   -0.40129736E+01   -0.40623425E-08    0.20806032E-08

Total Energy:                       -4.0071908767 H         -109.0412 eV
Extrapolated to 0K:                 -4.0071908767 H         -109.0412 eV
Total Mermin free energy:           -4.0071908767 H         -109.0412 eV
Force related energy:               -4.0071908767 H         -109.0412 eV

 TempProfile:          85   9.5004460357391702E-004
MD Temperature:                      0.0042954180 H         1356.3841 K
MD Kinetic Energy:                   0.0128862541 H            0.3507 eV
Total MD Energy:                    -3.9943046227 H         -108.6906 eV

--------------------------------------------------------------------------------

***  Geometry step: 84

 iSCC Total electronic   Diff electronic      SCC error    
    1   -0.40265178E+01    0.00000000E+00    0.20315782E-01
    2   -0.40265253E+01   -0.13544160E-01    0.13390195E-01
    3   -0.40265310E+01   -0.74649681E-05    0.36678779E-03
    4   -0.40265310E+01   -0.57096858E-05    0.12025583E-03
    5   -0.40265310E+01   -0.47786868E-08    0.95898827E-08

Total Energy:                       -4.0188408032 H         -109.3582 eV
Extrapolated to 0K:                 -4.0188408032 H         -109.3582 eV
Total Mermin free energy:           -4.0188408032 H         -109.3582 eV
Force related energy:               -4.0188408032 H         -109.3582 eV

 TempProfile:          86   9.5004460357391702E-004
MD Temperature:                      0.0081288570 H         2566.8870 K
MD Kinetic Energy:                   0.0243865710 H            0.6636 eV
Total MD Energy:                    -3.9944542322 H         -108.6946 eV

--------------------------------------------------------------------------------

***  Geometry step: 85

 iSCC Total electronic   Diff electronic      SCC error    
    1   -0.40462727E+01    0.00000000E+00    0.27198892E-01
    2   -0.40462840E+01   -0.19741735E-01    0.18411585E-01
    3   -0.40462935E+01   -0.11281660E-04    0.36628720E-03
    4   -0.40462935E+01   -0.95044536E-05    0.17402659E-03
    5   -0.40462935E+01   -0.35433594E-08    0.17217945E-07

Total Energy:                       -4.0342279067 H         -109.7769 eV
Extrapolated to 0K:                 -4.0342279067 H         -109.7769 eV
Total Mermin free energy:           -4.0342279067 H         -109.7769 eV
Force related energy:               -4.0342279067 H         -109.7769 eV

 TempProfile:          87   9.5004460357391702E-004
MD Temperature:                      0.0131585641 H         4155.1409 K
MD Kinetic Energy:                   0.0394756923 H            1.0742 eV
Total MD Energy:                    -3.9947522144 H         -108.7027 eV

--------------------------------------------------------------------------------

***  Geometry step: 86

 iSCC Total electronic   Diff electronic      SCC error    
    1   -0.40727672E+01    0.00000000E+00    0.30828089E-01
    2   -0.40727787E+01   -0.26473703E-01    0.21479876E-01
    3   -0.40727896E+01   -0.11541004E-04    0.27978243E-03
    4   -0.40727896E+01   -0.10859109E-04    0.17548372E-03
    5   -0.40727896E+01   -0.13400507E-08    0.16452650E-07

Total Energy:                       -4.0512754731 H         -110.2408 eV
Extrapolated to 0K:                 -4.0512754731 H         -110.2408 eV
Total Mermin free energy:           -4.0512754731 H         -110.2408 eV
Force related energy:               -4.0512754731 H         -110.2408 eV

 TempProfile:          88   9.5004460357391702E-004
MD Temperature:                      0.0186658966 H         5894.2169 K
MD Kinetic Energy:                   0.0559976899 H            1.5238 eV
Total MD Energy:                    -3.9952777832 H         -108.7170 eV

--------------------------------------------------------------------------------

***  Geometry step: 87

 iSCC Total electronic   Diff electronic      SCC error    
    1   -0.41065261E+01    0.00000000E+00    0.30371230E-01
    2   -0.41065346E+01   -0.33736498E-01    0.21757372E-01
    3   -0.41065435E+01   -0.84639787E-05    0.12142145E-03
    4   -0.41065435E+01   -0.89143663E-05    0.91772298E-04
    5   -0.41065435E+01   -0.14693136E-09    0.85051033E-08

Total Energy:                       -4.0659068434 H         -110.6390 eV
Extrapolated to 0K:                 -4.0659068434 H         -110.6390 eV
Total Mermin free energy:           -4.0659068434 H         -110.6390 eV
Force related energy:               -4.0659068434 H         -110.6390 eV

 TempProfile:          89   9.5004460357391702E-004
MD Temperature:                      0.0232677086 H         7347.3525 K
MD Kinetic Energy:                   0.0698031257 H            1.8994 eV
Total MD Energy:                    -3.9961037177 H         -108.7395 eV

--------------------------------------------------------------------------------

***  Geometry step: 88

 iSCC Total electronic   Diff electronic      SCC error    
    1   -0.41473303E+01    0.00000000E+00    0.25850525E-01
    2   -0.41473347E+01   -0.40786786E-01    0.18972397E-01
    3   -0.41473399E+01   -0.44506472E-05    0.45629916E-04
    4   -0.41473399E+01   -0.52038123E-05    0.33665622E-04
    5   -0.41473399E+01   -0.11261214E-10    0.22767619E-08

Total Energy:                       -4.0712867939 H         -110.7854 eV
Extrapolated to 0K:                 -4.0712867939 H         -110.7854 eV
Total Mermin free energy:           -4.0712867939 H         -110.7854 eV
Force related energy:               -4.0712867939 H         -110.7854 eV

 TempProfile:          90   9.5004460357391702E-004
MD Temperature:                      0.0247121162 H         7803.4598 K
MD Kinetic Energy:                   0.0741363487 H            2.0174 eV
Total MD Energy:                    -3.9971504452 H         -108.7680 eV

--------------------------------------------------------------------------------

***  Geometry step: 89

 iSCC Total electronic   Diff electronic      SCC error    
    1   -0.41924459E+01    0.00000000E+00    0.18595187E-01
    2   -0.41924475E+01   -0.45105955E-01    0.13910559E-01
    3   -0.41924496E+01   -0.16534209E-05    0.14967792E-03
    4   -0.41924496E+01   -0.21103083E-05    0.10400330E-03
    5   -0.41924496E+01   -0.11785595E-09    0.30445335E-09

Total Energy:                       -4.0594137510 H         -110.4623 eV
Extrapolated to 0K:                 -4.0594137510 H         -110.4623 eV
Total Mermin free energy:           -4.0594137510 H         -110.4623 eV
Force related energy:               -4.0594137510 H         -110.4623 eV

 TempProfile:          91   9.5004460357391702E-004
MD Temperature:                      0.0205418316 H         6486.5896 K
MD Kinetic Energy:                   0.0616254948 H            1.6769 eV
Total MD Energy:                    -3.9977882562 H         -108.7854 eV

--------------------------------------------------------------------------------

***  Geometry step: 90

 iSCC Total electronic   Diff electronic      SCC error    
    1   -0.42339686E+01    0.00000000E+00    0.10726643E-01
    2   -0.42339690E+01   -0.41518927E-01    0.81309771E-02
    3   -0.42339696E+01   -0.41687882E-06    0.16356790E-03
    4   -0.42339696E+01   -0.56804147E-06    0.95287631E-04
    5   -0.42339696E+01   -0.13920953E-09    0.37399861E-10

Total Energy:                       -4.0299553996 H         -109.6607 eV
Extrapolated to 0K:                 -4.0299553996 H         -109.6607 eV
Total Mermin free energy:           -4.0299553996 H         -109.6607 eV
Force related energy:               -4.0299553996 H         -109.6607 eV

>> Charges saved for restart in charges.bin
 TempProfile:          92   9.5004460357391702E-004
MD Temperature:                      0.0110326569 H         3483.8333 K
MD Kinetic Energy:                   0.0330979707 H            0.9006 eV
Total MD Energy:                    -3.9968574289 H         -108.7600 eV

--------------------------------------------------------------------------------

***  Geometry step: 91

 iSCC Total electronic   Diff electronic      SCC error    
    1   -0.42583441E+01    0.00000000E+00    0.41352746E-02
    2   -0.42583442E+01   -0.24374578E-01    0.31927925E-02
    3   -0.42583443E+01   -0.55314938E-07    0.11029670E-03
    4   -0.42583443E+01   -0.79670851E-07    0.15743255E-04
    5   -0.42583443E+01   -0.83064222E-10    0.55582206E-11

Total Energy:                       -4.0035401876 H         -108.9419 eV
Extrapolated to 0K:                 -4.0035401876 H         -108.9419 eV
Total Mermin free energy:           -4.0035401876 H         -108.9419 eV
Force related energy:               -4.0035401876 H         -108.9419 eV

 TempProfile:          93   9.5004460357391702E-004
MD Temperature:                      0.0028923988 H          913.3462 K
MD Kinetic Energy:                   0.0086771965 H            0.2361 eV
Total MD Energy:                    -3.9948629910 H         -108.7058 eV

--------------------------------------------------------------------------------

***  Geometry step: 92

 iSCC Total electronic   Diff electronic      SCC error    
    1   -0.42539830E+01    0.00000000E+00    0.25180656E-02
    2   -0.42539831E+01    0.43612353E-02    0.19402039E-02
    3   -0.42539831E+01   -0.20400620E-07    0.72866096E-04
    4   -0.42539831E+01   -0.29504895E-07    0.22787079E-05

Total Energy:                       -4.0095902661 H         -109.1065 eV
Extrapolated to 0K:                 -4.0095902661 H         -109.1065 eV
Total Mermin free energy:           -4.0095902661 H         -109.1065 eV
Force related energy:               -4.0095902661 H         -109.1065 eV

 TempProfile:          94   9.5004460357391702E-004
MD Temperature:                      0.0047762819 H         1508.2287 K
MD Kinetic Energy:                   0.0143288457 H            0.3899 eV
Total MD Energy:                    -3.9952614204 H         -108.7166 eV

--------------------------------------------------------------------------------

***  Geometry step: 93

 iSCC Total electronic   Diff electronic      SCC error    
    1   -0.42230031E+01    0.00000000E+00    0.61874189E-02
    2   -0.42230032E+01    0.30979986E-01    0.46737557E-02
    3   -0.42230034E+01   -0.14914424E-06    0.40816798E-04
    4   -0.42230034E+01   -0.19902693E-06    0.26551725E-04
    5   -0.42230034E+01   -0.87183594E-11    0.16792789E-10

Total Energy:                       -4.0426905225 H         -110.0072 eV
Extrapolated to 0K:                 -4.0426905225 H         -110.0072 eV
Total Mermin free energy:           -4.0426905225 H         -110.0072 eV
Force related energy:               -4.0426905225 H         -110.0072 eV

 TempProfile:          95   9.5004460357391702E-004
MD Temperature:                      0.0149947616 H         4734.9656 K
MD Kinetic Energy:                   0.0449842848 H            1.2241 eV
Total MD Energy:                    -3.9977062377 H         -108.7831 eV

--------------------------------------------------------------------------------

***  Geometry step: 94

 iSCC Total electronic   Diff electronic      SCC error    
    1   -0.41791431E+01    0.00000000E+00    0.11375319E-01
    2   -0.41791437E+01    0.43860384E-01    0.84859188E-02
    3   -0.41791445E+01   -0.62384454E-06    0.44647270E-04
    4   -0.41791445E+01   -0.78168864E-06    0.32830048E-04
    5   -0.41791445E+01   -0.12062351E-10    0.22829560E-09

Total Energy:                       -4.0696314981 H         -110.7403 eV
Extrapolated to 0K:                 -4.0696314981 H         -110.7403 eV
Total Mermin free energy:           -4.0696314981 H         -110.7403 eV
Force related energy:               -4.0696314981 H         -110.7403 eV

 TempProfile:          96   9.5004460357391702E-004
MD Temperature:                      0.0236370493 H         7463.9809 K
MD Kinetic Energy:                   0.0709111479 H            1.9296 eV
Total MD Energy:                    -3.9987203502 H         -108.8107 eV

--------------------------------------------------------------------------------

***  Geometry step: 95

 iSCC Total electronic   Diff electronic      SCC error    
    1   -0.41349551E+01    0.00000000E+00    0.17752928E-01
    2   -0.41349572E+01    0.44189342E-01    0.13001126E-01
    3   -0.41349596E+01   -0.20888387E-05    0.15529303E-03
    4   -0.41349596E+01   -0.24143305E-05    0.10179910E-03
    5   -0.41349596E+01   -0.27782754E-09    0.10784991E-08

Total Energy:                       -4.0754188240 H         -110.8978 eV
Extrapolated to 0K:                 -4.0754188240 H         -110.8978 eV
Total Mermin free energy:           -4.0754188240 H         -110.8978 eV
Force related energy:               -4.0754188240 H         -110.8978 eV

 TempProfile:          97   9.5004460357391702E-004
MD Temperature:                      0.0256497632 H         8099.5449 K
MD Kinetic Energy:                   0.0769492895 H            2.0939 eV
Total MD Energy:                    -3.9984695345 H         -108.8039 eV

--------------------------------------------------------------------------------

***  Geometry step: 96

 iSCC Total electronic   Diff electronic      SCC error    
    1   -0.40965153E+01    0.00000000E+00    0.23646299E-01
    2   -0.40965204E+01    0.38444313E-01    0.16918990E-01
    3   -0.40965257E+01   -0.50859770E-05    0.25437388E-03
    4   -0.40965257E+01   -0.53410377E-05    0.15045749E-03
    5   -0.40965257E+01   -0.10853372E-08    0.42798112E-08

Total Energy:                       -4.0654331965 H         -110.6261 eV
Extrapolated to 0K:                 -4.0654331965 H         -110.6261 eV
Total Mermin free energy:           -4.0654331965 H         -110.6261 eV
Force related energy:               -4.0654331965 H         -110.6261 eV

 TempProfile:          98   9.5004460357391702E-004
MD Temperature:                      0.0224414440 H         7086.4391 K
MD Kinetic Energy:                   0.0673243320 H            1.8320 eV
Total MD Energy:                    -3.9981088646 H         -108.7941 eV

--------------------------------------------------------------------------------

***  Geometry step: 97

 iSCC Total electronic   Diff electronic      SCC error    
    1   -0.40654377E+01    0.00000000E+00    0.26702154E-01
    2   -0.40654463E+01    0.31088006E-01    0.18612878E-01
    3   -0.40654544E+01   -0.85442036E-05    0.29123530E-03
    4   -0.40654544E+01   -0.80974193E-05    0.16496221E-03
    5   -0.40654544E+01   -0.18579520E-08    0.10318856E-07

Total Energy:                       -4.0487792174 H         -110.1729 eV
Extrapolated to 0K:                 -4.0487792174 H         -110.1729 eV
Total Mermin free energy:           -4.0487792174 H         -110.1729 eV
Force related energy:               -4.0487792174 H         -110.1729 eV

 TempProfile:          99   9.5004460357391702E-004
MD Temperature:                      0.0169467201 H         5351.3446 K
MD Kinetic Energy:                   0.0508401604 H            1.3834 eV
Total MD Energy:                    -3.9979390570 H         -108.7895 eV

--------------------------------------------------------------------------------

***  Geometry step: 98

 iSCC Total electronic   Diff electronic      SCC error    
    1   -0.40415725E+01    0.00000000E+00    0.25639000E-01
    2   -0.40415824E+01    0.23881873E-01    0.17407400E-01
    3   -0.40415908E+01   -0.98481386E-05    0.27101505E-03
    4   -0.40415908E+01   -0.84574981E-05    0.14973301E-03
    5   -0.40415908E+01   -0.19486901E-08    0.13620327E-07

Total Energy:                       -4.0316821476 H         -109.7077 eV
Extrapolated to 0K:                 -4.0316821476 H         -109.7077 eV
Total Mermin free energy:           -4.0316821476 H         -109.7077 eV
Force related energy:               -4.0316821476 H         -109.7077 eV

 TempProfile:         100   9.5004460357391702E-004
MD Temperature:                      0.0112630183 H         3556.5756 K
MD Kinetic Energy:                   0.0337890550 H            0.9194 eV
Total MD Energy:                    -3.9978930925 H         -108.7882 eV

--------------------------------------------------------------------------------

***  Geometry step: 99

 iSCC Total electronic   Diff electronic      SCC error    
    1   -0.40243704E+01    0.00000000E+00    0.20696882E-01
    2   -0.40243780E+01    0.17220465E-01    0.13725386E-01
    3   -0.40243840E+01   -0.76304616E-05    0.23979580E-03
    4   -0.40243840E+01   -0.60312757E-05    0.12024267E-03
    5   -0.40243840E+01   -0.17875728E-08    0.94789288E-08

Total Energy:                       -4.0174680225 H         -109.3209 eV
Extrapolated to 0K:                 -4.0174680225 H         -109.3209 eV
Total Mermin free energy:           -4.0174680225 H         -109.3209 eV
Force related energy:               -4.0174680225 H         -109.3209 eV

 TempProfile:         101   9.5004460357391702E-004
MD Temperature:                      0.0065234796 H         2059.9495 K
MD Kinetic Energy:                   0.0195704387 H            0.5325 eV
Total MD Energy:                    -3.9978975838 H         -108.7883 eV

--------------------------------------------------------------------------------

***  Geometry step: 100

 iSCC Total electronic   Diff electronic      SCC error    
    1   -0.40133667E+01    0.00000000E+00    0.12951343E-01
    2   -0.40133701E+01    0.11017342E-01    0.84321153E-02
    3   -0.40133727E+01   -0.34632985E-05    0.24414222E-03
    4   -0.40133727E+01   -0.25911338E-05    0.77207725E-04
    5   -0.40133727E+01   -0.21900304E-08    0.27213582E-08

Total Energy:                       -4.0076509480 H         -109.0537 eV
Extrapolated to 0K:                 -4.0076509480 H         -109.0537 eV
Total Mermin free energy:           -4.0076509480 H         -109.0537 eV
Force related energy:               -4.0076509480 H         -109.0537 eV

>> Charges saved for restart in charges.bin
 TempProfile:         102   9.5004460357391702E-004
MD Temperature:                      0.0032491655 H         1026.0041 K
MD Kinetic Energy:                   0.0097474964 H            0.2652 eV
Total MD Energy:                    -3.9979034516 H         -108.7885 eV

--------------------------------------------------------------------------------

***  Geometry step: 101

 iSCC Total electronic   Diff electronic      SCC error    
    1   -0.40082698E+01    0.00000000E+00    0.41721658E-02
    2   -0.40082702E+01    0.51029825E-02    0.28123421E-02
    3   -0.40082706E+01   -0.44857245E-06    0.29549021E-03
    4   -0.40082706E+01   -0.35163221E-06    0.22366354E-05

Total Energy:                       -4.0028691356 H         -108.9236 eV
Extrapolated to 0K:                 -4.0028691356 H         -108.9236 eV
Total Mermin free energy:           -4.0028691356 H         -108.9236 eV
Force related energy:               -4.0028691356 H         -108.9236 eV

 TempProfile:         103   9.5004460357391702E-004
MD Temperature:                      0.0016541687 H          522.3445 K
MD Kinetic Energy:                   0.0049625060 H            0.1350 eV
Total MD Energy:                    -3.9979066296 H         -108.7886 eV

--------------------------------------------------------------------------------

***  Geometry step: 102

 iSCC Total electronic   Diff electronic      SCC error    
    1   -0.40089546E+01    0.00000000E+00    0.61754015E-02
    2   -0.40089553E+01   -0.68402464E-03    0.40684537E-02
    3   -0.40089559E+01   -0.72849306E-06    0.33277362E-03
    4   -0.40089559E+01   -0.57941710E-06    0.57414324E-05

Total Energy:                       -4.0033230657 H         -108.9360 eV
Extrapolated to 0K:                 -4.0033230657 H         -108.9360 eV
Total Mermin free energy:           -4.0033230657 H         -108.9360 eV
Force related energy:               -4.0033230657 H         -108.9360 eV

 TempProfile:         104   9.5004460357391702E-004
MD Temperature:                      0.0018015744 H          568.8915 K
MD Kinetic Energy:                   0.0054047233 H            0.1471 eV
Total MD Energy:                    -3.9979183424 H         -108.7889 eV

--------------------------------------------------------------------------------

***  Geometry step: 103

 iSCC Total electronic   Diff electronic      SCC error    
    1   -0.40154632E+01    0.00000000E+00    0.15481295E-01
    2   -0.40154673E+01   -0.65072753E-02    0.10253647E-01
    3   -0.40154704E+01   -0.40884186E-05    0.43828754E-03
    4   -0.40154704E+01   -0.31797288E-05    0.68916158E-04
    5   -0.40154704E+01   -0.94829904E-08    0.52020797E-08

Total Energy:                       -4.0089556861 H         -109.0892 eV
Extrapolated to 0K:                 -4.0089556861 H         -109.0892 eV
Total Mermin free energy:           -4.0089556861 H         -109.0892 eV
Force related energy:               -4.0089556861 H         -109.0892 eV

 TempProfile:         105   9.5004460357391702E-004
MD Temperature:                      0.0036631197 H         1156.7203 K
MD Kinetic Energy:                   0.0109893590 H            0.2990 eV
Total MD Energy:                    -3.9979663272 H         -108.7902 eV

--------------------------------------------------------------------------------

***  Geometry step: 104

 iSCC Total electronic   Diff electronic      SCC error    
    1   -0.40280059E+01    0.00000000E+00    0.23272648E-01
    2   -0.40280142E+01   -0.12535503E-01    0.15696698E-01
    3   -0.40280210E+01   -0.82164455E-05    0.51608942E-03
    4   -0.40280210E+01   -0.67914936E-05    0.13074384E-03
    5   -0.40280210E+01   -0.11620550E-07    0.14057219E-07

Total Energy:                       -4.0194307752 H         -109.3743 eV
Extrapolated to 0K:                 -4.0194307752 H         -109.3743 eV
Total Mermin free energy:           -4.0194307752 H         -109.3743 eV
Force related energy:               -4.0194307752 H         -109.3743 eV

 TempProfile:         106   9.5004460357391702E-004
MD Temperature:                      0.0071124373 H         2245.9274 K
MD Kinetic Energy:                   0.0213373118 H            0.5806 eV
Total MD Energy:                    -3.9980934635 H         -108.7937 eV

--------------------------------------------------------------------------------

***  Geometry step: 105

 iSCC Total electronic   Diff electronic      SCC error    
    1   -0.40469684E+01    0.00000000E+00    0.28419404E-01
    2   -0.40469787E+01   -0.18947399E-01    0.19629231E-01
    3   -0.40469879E+01   -0.10286359E-04    0.51974042E-03
    4   -0.40469879E+01   -0.92856170E-05    0.18478537E-03
    5   -0.40469880E+01   -0.95490087E-08    0.19178499E-07

Total Energy:                       -4.0339021704 H         -109.7681 eV
Extrapolated to 0K:                 -4.0339021704 H         -109.7681 eV
Total Mermin free energy:           -4.0339021704 H         -109.7681 eV
Force related energy:               -4.0339021704 H         -109.7681 eV

 TempProfile:         107   9.5004460357391702E-004
MD Temperature:                      0.0118484039 H         3741.4256 K
MD Kinetic Energy:                   0.0355452117 H            0.9672 eV
Total MD Energy:                    -3.9983569587 H         -108.8008 eV

--------------------------------------------------------------------------------

***  Geometry step: 106

 iSCC Total electronic   Diff electronic      SCC error    
    1   -0.40728681E+01    0.00000000E+00    0.29827392E-01
    2   -0.40728771E+01   -0.25880103E-01    0.21133796E-01
    3   -0.40728861E+01   -0.90165950E-05    0.41511463E-03
    4   -0.40728861E+01   -0.90038799E-05    0.20432611E-03
    5   -0.40728861E+01   -0.43912296E-08    0.14330754E-07

Total Energy:                       -4.0505289623 H         -110.2205 eV
Extrapolated to 0K:                 -4.0505289623 H         -110.2205 eV
Total Mermin free energy:           -4.0505289623 H         -110.2205 eV
Force related energy:               -4.0505289623 H         -110.2205 eV

 TempProfile:         108   9.5004460357391702E-004
MD Temperature:                      0.0172356942 H         5442.5953 K
MD Kinetic Energy:                   0.0517070827 H            1.4070 eV
Total MD Energy:                    -3.9988218796 H         -108.8135 eV

--------------------------------------------------------------------------------

***  Geometry step: 107

 iSCC Total electronic   Diff electronic      SCC error    
    1   -0.41061332E+01    0.00000000E+00    0.26930096E-01
    2   -0.41061388E+01   -0.33247109E-01    0.19548306E-01
    3   -0.41061450E+01   -0.56034414E-05    0.22520793E-03
    4   -0.41061450E+01   -0.62011129E-05    0.14815604E-03
    5   -0.41061450E+01   -0.76174533E-09    0.53926490E-08

Total Energy:                       -4.0657483799 H         -110.6346 eV
Extrapolated to 0K:                 -4.0657483799 H         -110.6346 eV
Total Mermin free energy:           -4.0657483799 H         -110.6346 eV
Force related energy:               -4.0657483799 H         -110.6346 eV

 TempProfile:         109   9.5004460357391702E-004
MD Temperature:                      0.0220606948 H         6966.2081 K
MD Kinetic Energy:                   0.0661820845 H            1.8009 eV
Total MD Energy:                    -3.9995662954 H         -108.8337 eV

--------------------------------------------------------------------------------

***  Geometry step: 108

 iSCC Total electronic   Diff electronic      SCC error    
    1   -0.41464249E+01    0.00000000E+00    0.20337690E-01
    2   -0.41464273E+01   -0.40279921E-01    0.15074406E-01
    3   -0.41464302E+01   -0.23926800E-05    0.28902953E-04
    4   -0.41464302E+01   -0.29146155E-05    0.22420557E-04
    5   -0.41464302E+01   -0.71782580E-11    0.83147889E-09

Total Energy:                       -4.0735490497 H         -110.8469 eV
Extrapolated to 0K:                 -4.0735490497 H         -110.8469 eV
Total Mermin free energy:           -4.0735490497 H         -110.8469 eV
Force related energy:               -4.0735490497 H         -110.8469 eV

 TempProfile:         110   9.5004460357391702E-004
MD Temperature:                      0.0243434370 H         7687.0402 K
MD Kinetic Energy:                   0.0730303110 H            1.9873 eV
Total MD Energy:                    -4.0005187387 H         -108.8597 eV

--------------------------------------------------------------------------------

***  Geometry step: 109

 iSCC Total electronic   Diff electronic      SCC error    
    1   -0.41911767E+01    0.00000000E+00    0.12125039E-01
    2   -0.41911774E+01   -0.44746456E-01    0.91369605E-02
    3   -0.41911782E+01   -0.67335152E-06    0.88951075E-04
    4   -0.41911782E+01   -0.89276116E-06    0.63266403E-04
    5   -0.41911782E+01   -0.50060400E-10    0.61829653E-10

Total Energy:                       -4.0666355213 H         -110.6588 eV
Extrapolated to 0K:                 -4.0666355213 H         -110.6588 eV
Total Mermin free energy:           -4.0666355213 H         -110.6588 eV
Force related energy:               -4.0666355213 H         -110.6588 eV

 TempProfile:         111   9.5004460357391702E-004
MD Temperature:                      0.0217903899 H         6880.8527 K
MD Kinetic Energy:                   0.0653711698 H            1.7788 eV
Total MD Energy:                    -4.0012643515 H         -108.8799 eV

--------------------------------------------------------------------------------

***  Geometry step: 110

 iSCC Total electronic   Diff electronic      SCC error    
    1   -0.42334809E+01    0.00000000E+00    0.58657060E-02
    2   -0.42334811E+01   -0.42302687E-01    0.45042647E-02
    3   -0.42334813E+01   -0.13565585E-06    0.87965605E-04
    4   -0.42334813E+01   -0.19424847E-06    0.37363684E-04
    5   -0.42334813E+01   -0.57420735E-10    0.16965096E-10

Total Energy:                       -4.0423083872 H         -109.9968 eV
Extrapolated to 0K:                 -4.0423083872 H         -109.9968 eV
Total Mermin free energy:           -4.0423083872 H         -109.9968 eV
Force related energy:               -4.0423083872 H         -109.9968 eV

>> Charges saved for restart in charges.bin
 TempProfile:         112   9.5004460357391702E-004
MD Temperature:                      0.0137941226 H         4355.8342 K
MD Kinetic Energy:                   0.0413823679 H            1.1261 eV
Total MD Energy:                    -4.0009260192 H         -108.8707 eV

--------------------------------------------------------------------------------

***  Geometry step: 111

 iSCC Total electronic   Diff electronic      SCC error    
    1   -0.42612164E+01    0.00000000E+00    0.33304819E-02
    2   -0.42612164E+01   -0.27735116E-01    0.25812779E-02
    3   -0.42612165E+01   -0.39644831E-07    0.29874493E-05

Total Energy:                       -4.0134694771 H         -109.2121 eV
Extrapolated to 0K:                 -4.0134694771 H         -109.2121 eV
Total Mermin free energy:           -4.0134694771 H         -109.2121 eV
Force related energy:               -4.0134694771 H         -109.2121 eV

 TempProfile:         113   9.5004460357391702E-004
MD Temperature:                      0.0047666447 H         1505.1856 K
MD Kinetic Energy:                   0.0142999341 H            0.3891 eV
Total MD Energy:                    -3.9991695430 H         -108.8229 eV

--------------------------------------------------------------------------------

***  Geometry step: 112

 iSCC Total electronic   Diff electronic      SCC error    
    1   -0.42619828E+01    0.00000000E+00    0.21038478E-02
    2   -0.42619828E+01   -0.76627598E-03    0.16352894E-02
    3   -0.42619828E+01   -0.20036863E-07    0.33193558E-04
    4   -0.42619828E+01   -0.30071607E-07    0.33996241E-05

Total Energy:                       -4.0086844650 H         -109.0819 eV
Extrapolated to 0K:                 -4.0086844650 H         -109.0819 eV
Total Mermin free energy:           -4.0086844650 H         -109.0819 eV
Force related energy:               -4.0086844650 H         -109.0819 eV

 TempProfile:         114   9.5004460357391702E-004
MD Temperature:                      0.0033862086 H         1069.2788 K
MD Kinetic Energy:                   0.0101586258 H            0.2764 eV
Total MD Energy:                    -3.9985258391 H         -108.8054 eV

--------------------------------------------------------------------------------

***  Geometry step: 113

 iSCC Total electronic   Diff electronic      SCC error    
    1   -0.42344613E+01    0.00000000E+00    0.11149861E-02
    2   -0.42344613E+01    0.27521521E-01    0.85620618E-03
    3   -0.42344613E+01   -0.67348642E-08    0.28513144E-04
    4   -0.42344613E+01   -0.98321165E-08    0.33023593E-06

Total Energy:                       -4.0362024068 H         -109.8307 eV
Extrapolated to 0K:                 -4.0362024068 H         -109.8307 eV
Total Mermin free energy:           -4.0362024068 H         -109.8307 eV
Force related energy:               -4.0362024068 H         -109.8307 eV

 TempProfile:         115   9.5004460357391702E-004
MD Temperature:                      0.0117953232 H         3724.6640 K
MD Kinetic Energy:                   0.0353859695 H            0.9629 eV
Total MD Energy:                    -4.0008164373 H         -108.8678 eV

--------------------------------------------------------------------------------

***  Geometry step: 114

 iSCC Total electronic   Diff electronic      SCC error    
    1   -0.41908910E+01    0.00000000E+00    0.31552075E-02
    2   -0.41908910E+01    0.43570290E-01    0.23855303E-02
    3   -0.41908911E+01   -0.34071165E-07    0.22821085E-04
    4   -0.41908911E+01   -0.45354647E-07    0.76221090E-05

Total Energy:                       -4.0657572772 H         -110.6349 eV
Extrapolated to 0K:                 -4.0657572772 H         -110.6349 eV
Total Mermin free energy:           -4.0657572772 H         -110.6349 eV
Force related energy:               -4.0657572772 H         -110.6349 eV

 TempProfile:         116   9.5004460357391702E-004
MD Temperature:                      0.0211402536 H         6675.5561 K
MD Kinetic Energy:                   0.0634207607 H            1.7258 eV
Total MD Energy:                    -4.0023365165 H         -108.9091 eV

--------------------------------------------------------------------------------

***  Geometry step: 115

 iSCC Total electronic   Diff electronic      SCC error    
    1   -0.41451965E+01    0.00000000E+00    0.10056668E-01
    2   -0.41451970E+01    0.45694555E-01    0.74903618E-02
    3   -0.41451977E+01   -0.50096324E-06    0.11534192E-03
    4   -0.41451977E+01   -0.62655945E-06    0.67037536E-04
    5   -0.41451977E+01   -0.18693758E-09    0.78773432E-10

Total Energy:                       -4.0753907235 H         -110.8970 eV
Extrapolated to 0K:                 -4.0753907235 H         -110.8970 eV
Total Mermin free energy:           -4.0753907235 H         -110.8970 eV
Force related energy:               -4.0753907235 H         -110.8970 eV

 TempProfile:         117   9.5004460357391702E-004
MD Temperature:                      0.0243888957 H         7701.3950 K
MD Kinetic Energy:                   0.0731666871 H            1.9910 eV
Total MD Energy:                    -4.0022240364 H         -108.9061 eV

--------------------------------------------------------------------------------

***  Geometry step: 116

 iSCC Total electronic   Diff electronic      SCC error    
    1   -0.41049440E+01    0.00000000E+00    0.18834818E-01
    2   -0.41049466E+01    0.40253634E-01    0.13738265E-01
    3   -0.41049495E+01   -0.25508472E-05    0.19877721E-03
    4   -0.41049495E+01   -0.29156316E-05    0.12010814E-03
    5   -0.41049495E+01   -0.66974781E-09    0.14709443E-08

Total Energy:                       -4.0676265527 H         -110.6858 eV
Extrapolated to 0K:                 -4.0676265527 H         -110.6858 eV
Total Mermin free energy:           -4.0676265527 H         -110.6858 eV
Force related energy:               -4.0676265527 H         -110.6858 eV

 TempProfile:         118   9.5004460357391702E-004
MD Temperature:                      0.0219456580 H         6929.8824 K
MD Kinetic Energy:                   0.0658369741 H            1.7915 eV
Total MD Energy:                    -4.0017895786 H         -108.8942 eV

--------------------------------------------------------------------------------

***  Geometry step: 117

 iSCC Total electronic   Diff electronic      SCC error    
    1   -0.40724543E+01    0.00000000E+00    0.25991392E-01
    2   -0.40724610E+01    0.32495205E-01    0.18494895E-01
    3   -0.40724680E+01   -0.67356826E-05    0.21261816E-03
    4   -0.40724680E+01   -0.69434987E-05    0.13733151E-03
    5   -0.40724680E+01   -0.88498009E-09    0.86356708E-08

Total Energy:                       -4.0519560161 H         -110.2593 eV
Extrapolated to 0K:                 -4.0519560161 H         -110.2593 eV
Total Mermin free energy:           -4.0519560161 H         -110.2593 eV
Force related energy:               -4.0519560161 H         -110.2593 eV

 TempProfile:         119   9.5004460357391702E-004
MD Temperature:                      0.0167973953 H         5304.1916 K
MD Kinetic Energy:                   0.0503921859 H            1.3712 eV
Total MD Energy:                    -4.0015638302 H         -108.8881 eV

--------------------------------------------------------------------------------

***  Geometry step: 118

 iSCC Total electronic   Diff electronic      SCC error    
    1   -0.40477180E+01    0.00000000E+00    0.28973462E-01
    2   -0.40477290E+01    0.24749998E-01    0.20077570E-01
    3   -0.40477391E+01   -0.10979510E-04    0.15756557E-03
    4   -0.40477391E+01   -0.10180261E-04    0.11073280E-03
    5   -0.40477391E+01   -0.53999738E-09    0.20905558E-07

Total Energy:                       -4.0352795307 H         -109.8055 eV
Extrapolated to 0K:                 -4.0352795307 H         -109.8055 eV
Total Mermin free energy:           -4.0352795307 H         -109.8055 eV
Force related energy:               -4.0352795307 H         -109.8055 eV

 TempProfile:         120   9.5004460357391702E-004
MD Temperature:                      0.0112631008 H         3556.6017 K
MD Kinetic Energy:                   0.0337893025 H            0.9195 eV
Total MD Energy:                    -4.0014902281 H         -108.8861 eV

--------------------------------------------------------------------------------

***  Geometry step: 119

 iSCC Total electronic   Diff electronic      SCC error    
    1   -0.40300921E+01    0.00000000E+00    0.27194198E-01
    2   -0.40301041E+01    0.17647027E-01    0.18370399E-01
    3   -0.40301142E+01   -0.12011913E-04    0.98492464E-04
    4   -0.40301142E+01   -0.10108981E-04    0.72924906E-04
    5   -0.40301142E+01   -0.24065283E-09    0.25538983E-07

Total Energy:                       -4.0212841634 H         -109.4247 eV
Extrapolated to 0K:                 -4.0212841634 H         -109.4247 eV
Total Mermin free energy:           -4.0212841634 H         -109.4247 eV
Force related energy:               -4.0212841634 H         -109.4247 eV

 TempProfile:         121   9.5004460357391702E-004
MD Temperature:                      0.0065983206 H         2083.5824 K
MD Kinetic Energy:                   0.0197949619 H            0.5386 eV
Total MD Energy:                    -4.0014892015 H         -108.8861 eV

--------------------------------------------------------------------------------

***  Geometry step: 120

 iSCC Total electronic   Diff electronic      SCC error    
    1   -0.40189597E+01    0.00000000E+00    0.21583057E-01
    2   -0.40189687E+01    0.11154518E-01    0.14265681E-01
    3   -0.40189757E+01   -0.90024987E-05    0.10404130E-03
    4   -0.40189757E+01   -0.70177496E-05    0.72687764E-04
    5   -0.40189757E+01   -0.27323122E-09    0.17032020E-07

Total Energy:                       -4.0115915221 H         -109.1610 eV
Extrapolated to 0K:                 -4.0115915221 H         -109.1610 eV
Total Mermin free energy:           -4.0115915221 H         -109.1610 eV
Force related energy:               -4.0115915221 H         -109.1610 eV

>> Charges saved for restart in charges.bin
 TempProfile:         122   9.5004460357391702E-004
MD Temperature:                      0.0033645407 H         1062.4367 K
MD Kinetic Energy:                   0.0100936222 H            0.2747 eV
Total MD Energy:                    -4.0014978999 H         -108.8863 eV

--------------------------------------------------------------------------------

***  Geometry step: 121

 iSCC Total electronic   Diff electronic      SCC error    
    1   -0.40138892E+01    0.00000000E+00    0.13629580E-01
    2   -0.40138934E+01    0.50865563E-02    0.88532441E-02
    3   -0.40138966E+01   -0.42729773E-05    0.20604355E-03
    4   -0.40138966E+01   -0.31833004E-05    0.87042155E-04
    5   -0.40138966E+01   -0.13292967E-08    0.54486832E-08

Total Energy:                       -4.0068198868 H         -109.0311 eV
Extrapolated to 0K:                 -4.0068198868 H         -109.0311 eV
Total Mermin free energy:           -4.0068198868 H         -109.0311 eV
Force related energy:               -4.0068198868 H         -109.0311 eV

 TempProfile:         123   9.5004460357391702E-004
MD Temperature:                      0.0017707537 H          559.1591 K
MD Kinetic Energy:                   0.0053122611 H            0.1446 eV
Total MD Energy:                    -4.0015076257 H         -108.8866 eV

--------------------------------------------------------------------------------

***  Geometry step: 122

 iSCC Total electronic   Diff electronic      SCC error    
    1   -0.40146382E+01    0.00000000E+00    0.56898970E-02
    2   -0.40146391E+01   -0.74155615E-03    0.37984132E-02
    3   -0.40146397E+01   -0.87806186E-06    0.38719717E-03
    4   -0.40146397E+01   -0.67469413E-06    0.55196111E-05

Total Energy:                       -4.0070914946 H         -109.0385 eV
Extrapolated to 0K:                 -4.0070914946 H         -109.0385 eV
Total Mermin free energy:           -4.0070914946 H         -109.0385 eV
Force related energy:               -4.0070914946 H         -109.0385 eV

 TempProfile:         124   9.5004460357391702E-004
MD Temperature:                      0.0018544931 H          585.6019 K
MD Kinetic Energy:                   0.0055634794 H            0.1514 eV
Total MD Energy:                    -4.0015280152 H         -108.8871 eV

--------------------------------------------------------------------------------

***  Geometry step: 123

 iSCC Total electronic   Diff electronic      SCC error    
    1   -0.40211337E+01    0.00000000E+00    0.43019968E-02
    2   -0.40211340E+01   -0.64939621E-02    0.30913691E-02
    3   -0.40211343E+01   -0.27895430E-06    0.27347644E-03
    4   -0.40211343E+01   -0.27833113E-06    0.20617797E-05

Total Energy:                       -4.0122321928 H         -109.1784 eV
Extrapolated to 0K:                 -4.0122321928 H         -109.1784 eV
Total Mermin free energy:           -4.0122321928 H         -109.1784 eV
Force related energy:               -4.0122321928 H         -109.1784 eV

 TempProfile:         125   9.5004460357391702E-004
MD Temperature:                      0.0035489119 H         1120.6564 K
MD Kinetic Energy:                   0.0106467357 H            0.2897 eV
Total MD Energy:                    -4.0015854571 H         -108.8887 eV

--------------------------------------------------------------------------------

***  Geometry step: 124

 iSCC Total electronic   Diff electronic      SCC error    
    1   -0.40334363E+01    0.00000000E+00    0.11330445E-01
    2   -0.40334381E+01   -0.12302024E-01    0.76853855E-02
    3   -0.40334397E+01   -0.18401440E-05    0.50276095E-03
    4   -0.40334397E+01   -0.15312591E-05    0.36952217E-04
    5   -0.40334397E+01   -0.11643425E-07    0.18525093E-08

Total Energy:                       -4.0217518459 H         -109.4374 eV
Extrapolated to 0K:                 -4.0217518459 H         -109.4374 eV
Total Mermin free energy:           -4.0217518459 H         -109.4374 eV
Force related energy:               -4.0217518459 H         -109.4374 eV

 TempProfile:         126   9.5004460357391702E-004
MD Temperature:                      0.0066776799 H         2108.6420 K
MD Kinetic Energy:                   0.0200330398 H            0.5451 eV
Total MD Energy:                    -4.0017188061 H         -108.8923 eV

--------------------------------------------------------------------------------

***  Geometry step: 125

 iSCC Total electronic   Diff electronic      SCC error    
    1   -0.40516900E+01    0.00000000E+00    0.16786946E-01
    2   -0.40516938E+01   -0.18250345E-01    0.11534811E-01
    3   -0.40516971E+01   -0.37774353E-05    0.54753687E-03
    4   -0.40516971E+01   -0.32801140E-05    0.92223658E-04
    5   -0.40516971E+01   -0.10167576E-07    0.48871911E-08

Total Energy:                       -4.0346531870 H         -109.7885 eV
Extrapolated to 0K:                 -4.0346531870 H         -109.7885 eV
Total Mermin free energy:           -4.0346531870 H         -109.7885 eV
Force related energy:               -4.0346531870 H         -109.7885 eV

 TempProfile:         127   9.5004460357391702E-004
MD Temperature:                      0.0108950392 H         3440.3772 K
MD Kinetic Energy:                   0.0326851175 H            0.8894 eV
Total MD Energy:                    -4.0019680695 H         -108.8991 eV

--------------------------------------------------------------------------------

***  Geometry step: 126

 iSCC Total electronic   Diff electronic      SCC error    
    1   -0.40760225E+01    0.00000000E+00    0.19639568E-01
    2   -0.40760271E+01   -0.24325404E-01    0.13752359E-01
    3   -0.40760314E+01   -0.45813444E-05    0.40555328E-03
    4   -0.40760314E+01   -0.43141756E-05    0.14625316E-03
    5   -0.40760314E+01   -0.38677204E-08    0.58033756E-08

Total Energy:                       -4.0491399689 H         -110.1827 eV
Extrapolated to 0K:                 -4.0491399689 H         -110.1827 eV
Total Mermin free energy:           -4.0491399689 H         -110.1827 eV
Force related energy:               -4.0491399689 H         -110.1827 eV

 TempProfile:         128   9.5004460357391702E-004
MD Temperature:                      0.0155890512 H         4922.6271 K
MD Kinetic Energy:                   0.0467671535 H            1.2726 eV
Total MD Energy:                    -4.0023728154 H         -108.9101 eV

--------------------------------------------------------------------------------

***  Geometry step: 127

 iSCC Total electronic   Diff electronic      SCC error    
    1   -0.41063094E+01    0.00000000E+00    0.19688379E-01
    2   -0.41063133E+01   -0.30277971E-01    0.14069631E-01
    3   -0.41063174E+01   -0.39419765E-05    0.12349362E-03
    4   -0.41063174E+01   -0.40877950E-05    0.87818716E-04
    5   -0.41063174E+01   -0.15986412E-09    0.33886174E-08

Total Energy:                       -4.0622918511 H         -110.5406 eV
Extrapolated to 0K:                 -4.0622918511 H         -110.5406 eV
Total Mermin free energy:           -4.0622918511 H         -110.5406 eV
Force related energy:               -4.0622918511 H         -110.5406 eV

 TempProfile:         129   9.5004460357391702E-004
MD Temperature:                      0.0197782986 H         6245.4853 K
MD Kinetic Energy:                   0.0593348957 H            1.6146 eV
Total MD Energy:                    -4.0029569554 H         -108.9260 eV

--------------------------------------------------------------------------------

***  Geometry step: 128

 iSCC Total electronic   Diff electronic      SCC error    
    1   -0.41416853E+01    0.00000000E+00    0.17311796E-01
    2   -0.41416879E+01   -0.35367900E-01    0.12615391E-01
    3   -0.41416908E+01   -0.25656612E-05    0.18490460E-03
    4   -0.41416908E+01   -0.29425283E-05    0.11884331E-03
    5   -0.41416908E+01   -0.26671554E-09    0.15739854E-08

Total Energy:                       -4.0699401754 H         -110.7487 eV
Extrapolated to 0K:                 -4.0699401754 H         -110.7487 eV
Total Mermin free energy:           -4.0699401754 H         -110.7487 eV
Force related energy:               -4.0699401754 H         -110.7487 eV

 TempProfile:         130   9.5004460357391702E-004
MD Temperature:                      0.0220989803 H         6978.2977 K
MD Kinetic Energy:                   0.0662969409 H            1.8040 eV
Total MD Energy:                    -4.0036432345 H         -108.9447 eV

--------------------------------------------------------------------------------

***  Geometry step: 129

 iSCC Total electronic   Diff electronic      SCC error    
    1   -0.41796902E+01    0.00000000E+00    0.13387031E-01
    2   -0.41796915E+01   -0.37999407E-01    0.99294473E-02
    3   -0.41796931E+01   -0.12975748E-05    0.36944605E-03
    4   -0.41796931E+01   -0.16393183E-05    0.14515935E-03
    5   -0.41796931E+01   -0.11487478E-08    0.59136429E-09

Total Energy:                       -4.0676072621 H         -110.6852 eV
Extrapolated to 0K:                 -4.0676072621 H         -110.6852 eV
Total Mermin free energy:           -4.0676072621 H         -110.6852 eV
Force related energy:               -4.0676072621 H         -110.6852 eV

 TempProfile:         131   9.5004460357391702E-004
MD Temperature:                      0.0211047335 H         6664.3398 K
MD Kinetic Energy:                   0.0633142004 H            1.7229 eV
Total MD Energy:                    -4.0042930617 H         -108.9624 eV

--------------------------------------------------------------------------------

***  Geometry step: 130

 iSCC Total electronic   Diff electronic      SCC error    
    1   -0.42152616E+01    0.00000000E+00    0.10701166E-01
    2   -0.42152621E+01   -0.35568454E-01    0.81805966E-02
    3   -0.42152628E+01   -0.51201607E-06    0.34001011E-03
    4   -0.42152628E+01   -0.70576176E-06    0.10890010E-03
    5   -0.42152628E+01   -0.88160679E-09    0.15892521E-09

Total Energy:                       -4.0523819960 H         -110.2709 eV
Extrapolated to 0K:                 -4.0523819960 H         -110.2709 eV
Total Mermin free energy:           -4.0523819960 H         -110.2709 eV
Force related energy:               -4.0523819960 H         -110.2709 eV

>> Charges saved for restart in charges.bin
 TempProfile:         132   9.5004460357391702E-004
MD Temperature:                      0.0159403341 H         5033.5534 K
MD Kinetic Energy:                   0.0478210023 H            1.3013 eV
Total MD Energy:                    -4.0045609938 H         -108.9696 eV

--------------------------------------------------------------------------------

***  Geometry step: 131

 iSCC Total electronic   Diff electronic      SCC error    
    1   -0.42401008E+01    0.00000000E+00    0.75106712E-02
    2   -0.42401010E+01   -0.24838003E-01    0.58108403E-02
    3   -0.42401012E+01   -0.15769593E-06    0.13888341E-03
    4   -0.42401012E+01   -0.23489467E-06    0.46638774E-04
    5   -0.42401012E+01   -0.16635404E-09    0.31834868E-10

Total Energy:                       -4.0278084467 H         -109.6022 eV
Extrapolated to 0K:                 -4.0278084467 H         -109.6022 eV
Total Mermin free energy:           -4.0278084467 H         -109.6022 eV
Force related energy:               -4.0278084467 H         -109.6022 eV

 TempProfile:         133   9.5004460357391702E-004
MD Temperature:                      0.0080588309 H         2544.7745 K
MD Kinetic Energy:                   0.0241764927 H            0.6579 eV
Total MD Energy:                    -4.0036319539 H         -108.9444 eV

--------------------------------------------------------------------------------

***  Geometry step: 132

 iSCC Total electronic   Diff electronic      SCC error    
    1   -0.42442741E+01    0.00000000E+00    0.40613921E-02
    2   -0.42442742E+01   -0.41729236E-02    0.31355244E-02
    3   -0.42442743E+01   -0.65616088E-07    0.12411675E-03
    4   -0.42442743E+01   -0.98327350E-07    0.13510323E-04
    5   -0.42442743E+01   -0.10945822E-09    0.28981262E-11

Total Energy:                       -4.0131022626 H         -109.2021 eV
Extrapolated to 0K:                 -4.0131022626 H         -109.2021 eV
Total Mermin free energy:           -4.0131022626 H         -109.2021 eV
Force related energy:               -4.0131022626 H         -109.2021 eV

 TempProfile:         134   9.5004460357391702E-004
MD Temperature:                      0.0036399211 H         1149.3948 K
MD Kinetic Energy:                   0.0109197632 H            0.2971 eV
Total MD Energy:                    -4.0021824994 H         -108.9049 eV

--------------------------------------------------------------------------------

***  Geometry step: 133

 iSCC Total electronic   Diff electronic      SCC error    
    1   -0.42235852E+01    0.00000000E+00    0.48526874E-02
    2   -0.42235853E+01    0.20689092E-01    0.36821739E-02
    3   -0.42235855E+01   -0.13488519E-06    0.15151518E-03
    4   -0.42235855E+01   -0.17873069E-06    0.21161082E-04
    5   -0.42235855E+01   -0.14139001E-09    0.19974022E-10

Total Energy:                       -4.0282307977 H         -109.6137 eV
Extrapolated to 0K:                 -4.0282307977 H         -109.6137 eV
Total Mermin free energy:           -4.0282307977 H         -109.6137 eV
Force related energy:               -4.0282307977 H         -109.6137 eV

 TempProfile:         135   9.5004460357391702E-004
MD Temperature:                      0.0082363585 H         2600.8332 K
MD Kinetic Energy:                   0.0247090754 H            0.6724 eV
Total MD Energy:                    -4.0035217223 H         -108.9414 eV

--------------------------------------------------------------------------------

***  Geometry step: 134

 iSCC Total electronic   Diff electronic      SCC error    
    1   -0.41860320E+01    0.00000000E+00    0.10097828E-01
    2   -0.41860325E+01    0.37553529E-01    0.75249760E-02
    3   -0.41860332E+01   -0.51907322E-06    0.77898173E-04
    4   -0.41860332E+01   -0.64489394E-06    0.52862418E-04
    5   -0.41860332E+01   -0.35425884E-10    0.16405544E-09

Total Energy:                       -4.0560298381 H         -110.3702 eV
Extrapolated to 0K:                 -4.0560298381 H         -110.3702 eV
Total Mermin free energy:           -4.0560298381 H         -110.3702 eV
Force related energy:               -4.0560298381 H         -110.3702 eV

 TempProfile:         136   9.5004460357391702E-004
MD Temperature:                      0.0168750019 H         5328.6978 K
MD Kinetic Energy:                   0.0506250056 H            1.3776 eV
Total MD Energy:                    -4.0054048325 H         -108.9926 eV

--------------------------------------------------------------------------------

***  Geometry step: 135

 iSCC Total electronic   Diff electronic      SCC error    
    1   -0.41445796E+01    0.00000000E+00    0.17414679E-01
    2   -0.41445816E+01    0.41453525E-01    0.12785350E-01
    3   -0.41445839E+01   -0.19565094E-05    0.36723857E-03
    4   -0.41445839E+01   -0.22814348E-05    0.14687082E-03
    5   -0.41445839E+01   -0.17743673E-08    0.57951066E-09

Total Energy:                       -4.0699512575 H         -110.7490 eV
Extrapolated to 0K:                 -4.0699512575 H         -110.7490 eV
Total Mermin free energy:           -4.0699512575 H         -110.7490 eV
Force related energy:               -4.0699512575 H         -110.7490 eV

 TempProfile:         137   9.5004460357391702E-004
MD Temperature:                      0.0214516048 H         6773.8729 K
MD Kinetic Energy:                   0.0643548144 H            1.7512 eV
Total MD Energy:                    -4.0055964431 H         -108.9978 eV

--------------------------------------------------------------------------------

***  Geometry step: 136

 iSCC Total electronic   Diff electronic      SCC error    
    1   -0.41073678E+01    0.00000000E+00    0.24656911E-01
    2   -0.41073733E+01    0.37216073E-01    0.17703531E-01
    3   -0.41073792E+01   -0.55084851E-05    0.68124686E-03
    4   -0.41073792E+01   -0.59032959E-05    0.20048359E-03
    5   -0.41073792E+01   -0.77561184E-08    0.37428052E-08

Total Energy:                       -4.0666888389 H         -110.6602 eV
Extrapolated to 0K:                 -4.0666888389 H         -110.6602 eV
Total Mermin free energy:           -4.0666888389 H         -110.6602 eV
Force related energy:               -4.0666888389 H         -110.6602 eV

 TempProfile:         138   9.5004460357391702E-004
MD Temperature:                      0.0204987175 H         6472.9753 K
MD Kinetic Energy:                   0.0614961525 H            1.6734 eV
Total MD Energy:                    -4.0051926864 H         -108.9868 eV

--------------------------------------------------------------------------------

***  Geometry step: 137

 iSCC Total electronic   Diff electronic      SCC error    
    1   -0.40771258E+01    0.00000000E+00    0.28958934E-01
    2   -0.40771363E+01    0.30253413E-01    0.20232203E-01
    3   -0.40771465E+01   -0.10524109E-04    0.87345224E-03
    4   -0.40771465E+01   -0.10199642E-04    0.22021479E-03
    5   -0.40771465E+01   -0.15215746E-07    0.13275284E-07

Total Energy:                       -4.0542462369 H         -110.3217 eV
Extrapolated to 0K:                 -4.0542462369 H         -110.3217 eV
Total Mermin free energy:           -4.0542462369 H         -110.3217 eV
Force related energy:               -4.0542462369 H         -110.3217 eV

 TempProfile:         139   9.5004460357391702E-004
MD Temperature:                      0.0164357646 H         5189.9978 K
MD Kinetic Energy:                   0.0493072937 H            1.3417 eV
Total MD Energy:                    -4.0049389432 H         -108.9799 eV

--------------------------------------------------------------------------------

***  Geometry step: 138

 iSCC Total electronic   Diff electronic      SCC error    
    1   -0.40539738E+01    0.00000000E+00    0.28701851E-01
    2   -0.40539875E+01    0.23172765E-01    0.19465952E-01
    3   -0.40539995E+01   -0.13705445E-04    0.90914662E-03
    4   -0.40539995E+01   -0.11964804E-04    0.20273623E-03
    5   -0.40539995E+01   -0.18820511E-07    0.22916669E-07

Total Energy:                       -4.0395845655 H         -109.9227 eV
Extrapolated to 0K:                 -4.0395845655 H         -109.9227 eV
Total Mermin free energy:           -4.0395845655 H         -109.9227 eV
Force related energy:               -4.0395845655 H         -109.9227 eV

 TempProfile:         140   9.5004460357391702E-004
MD Temperature:                      0.0115803262 H         3656.7734 K
MD Kinetic Energy:                   0.0347409785 H            0.9454 eV
Total MD Energy:                    -4.0048435870 H         -108.9773 eV

--------------------------------------------------------------------------------

***  Geometry step: 139

 iSCC Total electronic   Diff electronic      SCC error    
    1   -0.40373393E+01    0.00000000E+00    0.24156368E-01
    2   -0.40373517E+01    0.16660148E-01    0.15905825E-01
    3   -0.40373615E+01   -0.12383991E-04    0.87515764E-03
    4   -0.40373616E+01   -0.98330329E-05    0.15291630E-03
    5   -0.40373616E+01   -0.18987861E-07    0.21479613E-07

Total Energy:                       -4.0266544508 H         -109.5708 eV
Extrapolated to 0K:                 -4.0266544508 H         -109.5708 eV
Total Mermin free energy:           -4.0266544508 H         -109.5708 eV
Force related energy:               -4.0266544508 H         -109.5708 eV

 TempProfile:         141   9.5004460357391702E-004
MD Temperature:                      0.0072723090 H         2296.4108 K
MD Kinetic Energy:                   0.0218169269 H            0.5937 eV
Total MD Energy:                    -4.0048375239 H         -108.9772 eV

--------------------------------------------------------------------------------

***  Geometry step: 140

 iSCC Total electronic   Diff electronic      SCC error    
    1   -0.40266848E+01    0.00000000E+00    0.16664750E-01
    2   -0.40266923E+01    0.10676767E-01    0.10659028E-01
    3   -0.40266979E+01   -0.75449814E-05    0.88237774E-03
    4   -0.40266979E+01   -0.55878729E-05    0.83155304E-04
    5   -0.40266979E+01   -0.19741565E-07    0.12026184E-07

Total Energy:                       -4.0172716214 H         -109.3155 eV
Extrapolated to 0K:                 -4.0172716214 H         -109.3155 eV
Total Mermin free energy:           -4.0172716214 H         -109.3155 eV
Force related energy:               -4.0172716214 H         -109.3155 eV

>> Charges saved for restart in charges.bin
 TempProfile:         142   9.5004460357391702E-004
MD Temperature:                      0.0041405120 H         1307.4687 K
MD Kinetic Energy:                   0.0124215360 H            0.3380 eV
Total MD Energy:                    -4.0048500855 H         -108.9775 eV

--------------------------------------------------------------------------------

***  Geometry step: 141

 iSCC Total electronic   Diff electronic      SCC error    
    1   -0.40216538E+01    0.00000000E+00    0.98892695E-02
    2   -0.40216564E+01    0.50441111E-02    0.65993706E-02
    3   -0.40216583E+01   -0.25806604E-05    0.95682102E-03
    4   -0.40216583E+01   -0.19036341E-05    0.17513914E-04
    5   -0.40216583E+01   -0.22028185E-07    0.31967131E-08

Total Energy:                       -4.0121518312 H         -109.1762 eV
Extrapolated to 0K:                 -4.0121518312 H         -109.1762 eV
Total Mermin free energy:           -4.0121518312 H         -109.1762 eV
Force related energy:               -4.0121518312 H         -109.1762 eV

 TempProfile:         143   9.5004460357391702E-004
MD Temperature:                      0.0024274469 H          766.5262 K
MD Kinetic Energy:                   0.0072823406 H            0.1982 eV
Total MD Energy:                    -4.0048694906 H         -108.9780 eV

--------------------------------------------------------------------------------

***  Geometry step: 142

 iSCC Total electronic   Diff electronic      SCC error    
    1   -0.40220466E+01    0.00000000E+00    0.53963812E-02
    2   -0.40220470E+01   -0.38830232E-03    0.39994578E-02
    3   -0.40220475E+01   -0.37999083E-06    0.25087275E-03
    4   -0.40220475E+01   -0.43384405E-06    0.42023105E-05

Total Energy:                       -4.0114233894 H         -109.1564 eV
Extrapolated to 0K:                 -4.0114233894 H         -109.1564 eV
Total Mermin free energy:           -4.0114233894 H         -109.1564 eV
Force related energy:               -4.0114233894 H         -109.1564 eV

 TempProfile:         144   9.5004460357391702E-004
MD Temperature:                      0.0021739915 H          686.4914 K
MD Kinetic Energy:                   0.0065219746 H            0.1775 eV
Total MD Energy:                    -4.0049014149 H         -108.9789 eV

--------------------------------------------------------------------------------

***  Geometry step: 143

 iSCC Total electronic   Diff electronic      SCC error    
    1   -0.40277831E+01    0.00000000E+00    0.10403220E-01
    2   -0.40277848E+01   -0.57356120E-02    0.69779885E-02
    3   -0.40277861E+01   -0.16838000E-05    0.86124132E-03
    4   -0.40277861E+01   -0.13436276E-05    0.17305980E-04
    5   -0.40277861E+01   -0.30915994E-07    0.13229267E-08

Total Energy:                       -4.0148445542 H         -109.2495 eV
Extrapolated to 0K:                 -4.0148445542 H         -109.2495 eV
Total Mermin free energy:           -4.0148445542 H         -109.2495 eV
Force related energy:               -4.0148445542 H         -109.2495 eV

 TempProfile:         145   9.5004460357391702E-004
MD Temperature:                      0.0032933422 H         1039.9540 K
MD Kinetic Energy:                   0.0098800267 H            0.2688 eV
Total MD Energy:                    -4.0049645274 H         -108.9806 eV

--------------------------------------------------------------------------------

***  Geometry step: 144

 iSCC Total electronic   Diff electronic      SCC error    
    1   -0.40388531E+01    0.00000000E+00    0.17851014E-01
    2   -0.40388582E+01   -0.11066923E-01    0.11932834E-01
    3   -0.40388621E+01   -0.51675642E-05    0.10389746E-02
    4   -0.40388622E+01   -0.39268513E-05    0.59629625E-04
    5   -0.40388622E+01   -0.37383781E-07    0.66402972E-08

Total Energy:                       -4.0218491148 H         -109.4401 eV
Extrapolated to 0K:                 -4.0218491148 H         -109.4401 eV
Total Mermin free energy:           -4.0218491148 H         -109.4401 eV
Force related energy:               -4.0218491148 H         -109.4401 eV

 TempProfile:         146   9.5004460357391702E-004
MD Temperature:                      0.0055891704 H         1764.9183 K
MD Kinetic Energy:                   0.0167675113 H            0.4563 eV
Total MD Energy:                    -4.0050816035 H         -108.9838 eV

--------------------------------------------------------------------------------

***  Geometry step: 145

 iSCC Total electronic   Diff electronic      SCC error    
    1   -0.40552453E+01    0.00000000E+00    0.23351527E-01
    2   -0.40552538E+01   -0.16383083E-01    0.15808685E-01
    3   -0.40552607E+01   -0.85550140E-05    0.98778170E-03
    4   -0.40552607E+01   -0.68634747E-05    0.12178677E-03
    5   -0.40552607E+01   -0.26909347E-07    0.15096560E-07

Total Energy:                       -4.0315171730 H         -109.7032 eV
Extrapolated to 0K:                 -4.0315171730 H         -109.7032 eV
Total Mermin free energy:           -4.0315171730 H         -109.7032 eV
Force related energy:               -4.0315171730 H         -109.7032 eV

 TempProfile:         147   9.5004460357391702E-004
MD Temperature:                      0.0087478628 H         2762.3533 K
MD Kinetic Energy:                   0.0262435883 H            0.7141 eV
Total MD Energy:                    -4.0052735848 H         -108.9890 eV

--------------------------------------------------------------------------------

***  Geometry step: 146

 iSCC Total electronic   Diff electronic      SCC error    
    1   -0.40768170E+01    0.00000000E+00    0.26388093E-01
    2   -0.40768270E+01   -0.21556325E-01    0.18211491E-01
    3   -0.40768358E+01   -0.99733278E-05    0.69167897E-03
    4   -0.40768358E+01   -0.87611394E-05    0.20254383E-03
    5   -0.40768358E+01   -0.10138826E-07    0.19961918E-07

Total Energy:                       -4.0425557545 H         -110.0035 eV
Extrapolated to 0K:                 -4.0425557545 H         -110.0035 eV
Total Mermin free energy:           -4.0425557545 H         -110.0035 eV
Force related energy:               -4.0425557545 H         -110.0035 eV

 TempProfile:         148   9.5004460357391702E-004
MD Temperature:                      0.0123376688 H         3895.9230 K
MD Kinetic Energy:                   0.0370130065 H            1.0072 eV
Total MD Energy:                    -4.0055427480 H         -108.9964 eV

--------------------------------------------------------------------------------

***  Geometry step: 147

 iSCC Total electronic   Diff electronic      SCC error    
    1   -0.41030832E+01    0.00000000E+00    0.26701604E-01
    2   -0.41030921E+01   -0.26247437E-01    0.18838377E-01
    3   -0.41031009E+01   -0.89041333E-05    0.24149582E-03
    4   -0.41031009E+01   -0.87242455E-05    0.16163885E-03
    5   -0.41031009E+01   -0.65767836E-09    0.15413440E-07

Total Energy:                       -4.0534446810 H         -110.2998 eV
Extrapolated to 0K:                 -4.0534446810 H         -110.2998 eV
Total Mermin free energy:           -4.0534446810 H         -110.2998 eV
Force related energy:               -4.0534446810 H         -110.2998 eV

 TempProfile:         149   9.5004460357391702E-004
MD Temperature:                      0.0158593299 H         5007.9743 K
MD Kinetic Energy:                   0.0475779896 H            1.2947 eV
Total MD Energy:                    -4.0058666914 H         -109.0052 eV

--------------------------------------------------------------------------------

***  Geometry step: 148

 iSCC Total electronic   Diff electronic      SCC error    
    1   -0.41329786E+01    0.00000000E+00    0.24364275E-01
    2   -0.41329848E+01   -0.29877755E-01    0.17580149E-01
    3   -0.41329916E+01   -0.62073364E-05    0.19479872E-03
    4   -0.41329916E+01   -0.68232522E-05    0.13417854E-03
    5   -0.41329916E+01   -0.25264146E-09    0.79164488E-08

Total Energy:                       -4.0627503669 H         -110.5531 eV
Extrapolated to 0K:                 -4.0627503669 H         -110.5531 eV
Total Mermin free energy:           -4.0627503669 H         -110.5531 eV
Force related energy:               -4.0627503669 H         -110.5531 eV

 TempProfile:         150   9.5004460357391702E-004
MD Temperature:                      0.0188244528 H         5944.2849 K
MD Kinetic Energy:                   0.0564733584 H            1.5367 eV
Total MD Energy:                    -4.0062770085 H         -109.0163 eV

--------------------------------------------------------------------------------

***  Geometry step: 149

 iSCC Total electronic   Diff electronic      SCC error    
    1   -0.41647380E+01    0.00000000E+00    0.19763401E-01
    2   -0.41647413E+01   -0.31746359E-01    0.14568399E-01
    3   -0.41647454E+01   -0.33240732E-05    0.43295055E-03
    4   -0.41647454E+01   -0.40797450E-05    0.20528911E-03
    5   -0.41647454E+01   -0.16480390E-08    0.27837803E-08

Total Energy:                       -4.0686802223 H         -110.7144 eV
Extrapolated to 0K:                 -4.0686802223 H         -110.7144 eV
Total Mermin free energy:           -4.0686802223 H         -110.7144 eV
Force related energy:               -4.0686802223 H         -110.7144 eV

 TempProfile:         151   9.5004460357391702E-004
MD Temperature:                      0.0205902090 H         6501.8660 K
MD Kinetic Energy:                   0.0617706271 H            1.6809 eV
Total MD Energy:                    -4.0069095952 H         -109.0336 eV

--------------------------------------------------------------------------------

***  Geometry step: 150

 iSCC Total electronic   Diff electronic      SCC error    
    1   -0.41957947E+01    0.00000000E+00    0.15637625E-01
    2   -0.41957960E+01   -0.31049275E-01    0.11885620E-01
    3   -0.41957978E+01   -0.13315076E-05    0.38290876E-03
    4   -0.41957978E+01   -0.18032571E-05    0.16166052E-03
    5   -0.41957978E+01   -0.12474084E-08    0.59211747E-09

Total Energy:                       -4.0669196786 H         -110.6665 eV
Extrapolated to 0K:                 -4.0669196786 H         -110.6665 eV
Total Mermin free energy:           -4.0669196786 H         -110.6665 eV
Force related energy:               -4.0669196786 H         -110.6665 eV

>> Charges saved for restart in charges.bin
 TempProfile:         152   9.5004460357391702E-004
MD Temperature:                      0.0196759973 H         6213.1811 K
MD Kinetic Energy:                   0.0590279920 H            1.6062 eV
Total MD Energy:                    -4.0078916866 H         -109.0603 eV

--------------------------------------------------------------------------------

***  Geometry step: 151

 iSCC Total electronic   Diff electronic      SCC error    
    1   -0.42219104E+01    0.00000000E+00    0.11006828E-01
    2   -0.42219109E+01   -0.26112635E-01    0.84822621E-02
    3   -0.42219115E+01   -0.42375164E-06    0.13093854E-03
    4   -0.42219115E+01   -0.62045713E-06    0.80616290E-04
    5   -0.42219115E+01   -0.11551382E-09    0.66636696E-10

Total Energy:                       -4.0505357655 H         -110.2207 eV
Extrapolated to 0K:                 -4.0505357655 H         -110.2207 eV
Total Mermin free energy:           -4.0505357655 H         -110.2207 eV
Force related energy:               -4.0505357655 H         -110.2207 eV

 TempProfile:         153   9.5004460357391702E-004
MD Temperature:                      0.0141267272 H         4460.8623 K
MD Kinetic Energy:                   0.0423801815 H            1.1532 eV
Total MD Energy:                    -4.0081555840 H         -109.0675 eV

--------------------------------------------------------------------------------

***  Geometry step: 152

 iSCC Total electronic   Diff electronic      SCC error    
    1   -0.42353629E+01    0.00000000E+00    0.68353233E-02
    2   -0.42353631E+01   -0.13451438E-01    0.53054341E-02
    3   -0.42353633E+01   -0.13791930E-06    0.46842817E-04
    4   -0.42353633E+01   -0.20789812E-06    0.28925695E-04
    5   -0.42353633E+01   -0.17140067E-10    0.95898844E-11

Total Energy:                       -4.0251160271 H         -109.5290 eV
Extrapolated to 0K:                 -4.0251160271 H         -109.5290 eV
Total Mermin free energy:           -4.0251160271 H         -109.5290 eV
Force related energy:               -4.0251160271 H         -109.5290 eV

 TempProfile:         154   9.5004460357391702E-004
MD Temperature:                      0.0063011908 H         1989.7563 K
MD Kinetic Energy:                   0.0189035725 H            0.5144 eV
Total MD Energy:                    -4.0062124546 H         -109.0146 eV

--------------------------------------------------------------------------------

***  Geometry step: 153

 iSCC Total electronic   Diff electronic      SCC error    
    1   -0.42274178E+01    0.00000000E+00    0.40297553E-02
    2   -0.42274178E+01    0.79454869E-02    0.31267142E-02
    3   -0.42274179E+01   -0.41564522E-07    0.22091201E-04
    4   -0.42274179E+01   -0.62878621E-07    0.13110654E-04
    5   -0.42274179E+01   -0.43396398E-11    0.26293412E-11

Total Energy:                       -4.0211153701 H         -109.4201 eV
Extrapolated to 0K:                 -4.0211153701 H         -109.4201 eV
Total Mermin free energy:           -4.0211153701 H         -109.4201 eV
Force related energy:               -4.0211153701 H         -109.4201 eV

 TempProfile:         155   9.5004460357391702E-004
MD Temperature:                      0.0051562593 H         1628.2160 K
MD Kinetic Energy:                   0.0154687779 H            0.4209 eV
Total MD Energy:                    -4.0056465922 H         -108.9992 eV

--------------------------------------------------------------------------------

***  Geometry step: 154

 iSCC Total electronic   Diff electronic      SCC error    
    1   -0.41987335E+01    0.00000000E+00    0.36524237E-02
    2   -0.41987335E+01    0.28684411E-01    0.27628219E-02
    3   -0.41987336E+01   -0.46898983E-07    0.55203519E-04
    4   -0.41987336E+01   -0.61615355E-07    0.88371907E-05

Total Energy:                       -4.0460158175 H         -110.0977 eV
Extrapolated to 0K:                 -4.0460158175 H         -110.0977 eV
Total Mermin free energy:           -4.0460158175 H         -110.0977 eV
Force related energy:               -4.0460158175 H         -110.0977 eV

 TempProfile:         156   9.5004460357391702E-004
MD Temperature:                      0.0126305755 H         3988.4155 K
MD Kinetic Energy:                   0.0378917264 H            1.0311 eV
Total MD Energy:                    -4.0081240911 H         -109.0666 eV

--------------------------------------------------------------------------------

***  Geometry step: 155

 iSCC Total electronic   Diff electronic      SCC error    
    1   -0.41607239E+01    0.00000000E+00    0.33491955E-02
    2   -0.41607240E+01    0.38009722E-01    0.25192167E-02
    3   -0.41607241E+01   -0.89036322E-07    0.12535869E-03
    4   -0.41607241E+01   -0.11758226E-06    0.26666064E-05

Total Energy:                       -4.0675861757 H         -110.6847 eV
Extrapolated to 0K:                 -4.0675861757 H         -110.6847 eV
Total Mermin free energy:           -4.0675861757 H         -110.6847 eV
Force related energy:               -4.0675861757 H         -110.6847 eV

 TempProfile:         157   9.5004460357391702E-004
MD Temperature:                      0.0195057381 H         6159.4176 K
MD Kinetic Energy:                   0.0585172143 H            1.5923 eV
Total MD Energy:                    -4.0090689614 H         -109.0923 eV

--------------------------------------------------------------------------------

***  Geometry step: 156

 iSCC Total electronic   Diff electronic      SCC error    
    1   -0.41240261E+01    0.00000000E+00    0.75423011E-02
    2   -0.41240265E+01    0.36697947E-01    0.56835609E-02
    3   -0.41240271E+01   -0.41921712E-06    0.83397020E-04
    4   -0.41240271E+01   -0.55319586E-06    0.37524504E-04
    5   -0.41240271E+01   -0.10667200E-09    0.16799018E-09

Total Energy:                       -4.0704043570 H         -110.7613 eV
Extrapolated to 0K:                 -4.0704043570 H         -110.7613 eV
Total Mermin free energy:           -4.0704043570 H         -110.7613 eV
Force related energy:               -4.0704043570 H         -110.7613 eV

 TempProfile:         158   9.5004460357391702E-004
MD Temperature:                      0.0205730767 H         6496.4561 K
MD Kinetic Energy:                   0.0617192302 H            1.6795 eV
Total MD Energy:                    -4.0086851269 H         -109.0819 eV

--------------------------------------------------------------------------------

***  Geometry step: 157

 iSCC Total electronic   Diff electronic      SCC error    
    1   -0.40933859E+01    0.00000000E+00    0.13106952E-01
    2   -0.40933877E+01    0.30641242E-01    0.96469381E-02
    3   -0.40933898E+01   -0.18294606E-05    0.35870861E-03
    4   -0.40933898E+01   -0.21469459E-05    0.10701204E-03
    5   -0.40933898E+01   -0.24393714E-08    0.22625047E-08

Total Energy:                       -4.0605209770 H         -110.4924 eV
Extrapolated to 0K:                 -4.0605209770 H         -110.4924 eV
Total Mermin free energy:           -4.0605209770 H         -110.4924 eV
Force related energy:               -4.0605209770 H         -110.4924 eV

 TempProfile:         159   9.5004460357391702E-004
MD Temperature:                      0.0174074692 H         5496.8375 K
MD Kinetic Energy:                   0.0522224076 H            1.4210 eV
Total MD Energy:                    -4.0082985695 H         -109.0714 eV

--------------------------------------------------------------------------------

***  Geometry step: 158

 iSCC Total electronic   Diff electronic      SCC error    
    1   -0.40698016E+01    0.00000000E+00    0.16804900E-01
    2   -0.40698060E+01    0.23588204E-01    0.12042977E-01
    3   -0.40698105E+01   -0.43474410E-05    0.48960423E-03
    4   -0.40698105E+01   -0.45290041E-05    0.13817614E-03
    5   -0.40698105E+01   -0.50953952E-08    0.91364740E-08

Total Energy:                       -4.0464420458 H         -110.1093 eV
Extrapolated to 0K:                 -4.0464420458 H         -110.1093 eV
Total Mermin free energy:           -4.0464420458 H         -110.1093 eV
Force related energy:               -4.0464420458 H         -110.1093 eV

 TempProfile:         160   9.5004460357391702E-004
MD Temperature:                      0.0127680754 H         4031.8345 K
MD Kinetic Energy:                   0.0383042261 H            1.0423 eV
Total MD Energy:                    -4.0081378197 H         -109.0670 eV

--------------------------------------------------------------------------------

***  Geometry step: 159

 iSCC Total electronic   Diff electronic      SCC error    
    1   -0.40529358E+01    0.00000000E+00    0.17769926E-01
    2   -0.40529422E+01    0.16874713E-01    0.12386790E-01
    3   -0.40529482E+01   -0.64378461E-05    0.51519797E-03
    4   -0.40529482E+01   -0.59939793E-05    0.14369596E-03
    5   -0.40529482E+01   -0.60196692E-08    0.17870018E-07

Total Energy:                       -4.0332224502 H         -109.7496 eV
Extrapolated to 0K:                 -4.0332224502 H         -109.7496 eV
Total Mermin free energy:           -4.0332224502 H         -109.7496 eV
Force related energy:               -4.0332224502 H         -109.7496 eV

 TempProfile:         161   9.5004460357391702E-004
MD Temperature:                      0.0083676550 H         2642.2933 K
MD Kinetic Energy:                   0.0251029651 H            0.6831 eV
Total MD Energy:                    -4.0081194851 H         -109.0665 eV

--------------------------------------------------------------------------------

***  Geometry step: 160

 iSCC Total electronic   Diff electronic      SCC error    
    1   -0.40421967E+01    0.00000000E+00    0.16259492E-01
    2   -0.40422033E+01    0.10751526E-01    0.11052241E-01
    3   -0.40422088E+01   -0.65522790E-05    0.51421160E-03
    4   -0.40422088E+01   -0.55370653E-05    0.12379454E-03
    5   -0.40422088E+01   -0.61631598E-08    0.19333055E-07

Total Energy:                       -4.0230763964 H         -109.4735 eV
Extrapolated to 0K:                 -4.0230763964 H         -109.4735 eV
Total Mermin free energy:           -4.0230763964 H         -109.4735 eV
Force related energy:               -4.0230763964 H         -109.4735 eV

>> Charges saved for restart in charges.bin
 TempProfile:         162   9.5004460357391702E-004
MD Temperature:                      0.0049772283 H         1571.6825 K
MD Kinetic Energy:                   0.0149316850 H            0.4063 eV
Total MD Energy:                    -4.0081447114 H         -109.0672 eV

--------------------------------------------------------------------------------

***  Geometry step: 161

 iSCC Total electronic   Diff electronic      SCC error    
    1   -0.40370540E+01    0.00000000E+00    0.13007256E-01
    2   -0.40370587E+01    0.51548139E-02    0.86777910E-02
    3   -0.40370624E+01   -0.47055020E-05    0.52642150E-03
    4   -0.40370624E+01   -0.37037726E-05    0.84323683E-04
    5   -0.40370624E+01   -0.63362293E-08    0.12281061E-07

Total Energy:                       -4.0167180469 H         -109.3005 eV
Extrapolated to 0K:                 -4.0167180469 H         -109.3005 eV
Total Mermin free energy:           -4.0167180469 H         -109.3005 eV
Force related energy:               -4.0167180469 H         -109.3005 eV

 TempProfile:         163   9.5004460357391702E-004
MD Temperature:                      0.0028464066 H          898.8230 K
MD Kinetic Energy:                   0.0085392198 H            0.2324 eV
Total MD Energy:                    -4.0081788272 H         -109.0681 eV

--------------------------------------------------------------------------------

***  Geometry step: 162

 iSCC Total electronic   Diff electronic      SCC error    
    1   -0.40370609E+01    0.00000000E+00    0.87984993E-02
    2   -0.40370632E+01    0.14725867E-05    0.58197640E-02
    3   -0.40370649E+01   -0.22342071E-05    0.53017986E-03
    4   -0.40370649E+01   -0.16986872E-05    0.23755431E-04
    5   -0.40370649E+01   -0.59199179E-08    0.41549941E-08

Total Energy:                       -4.0141743335 H         -109.2312 eV
Extrapolated to 0K:                 -4.0141743335 H         -109.2312 eV
Total Mermin free energy:           -4.0141743335 H         -109.2312 eV
Force related energy:               -4.0141743335 H         -109.2312 eV

 TempProfile:         164   9.5004460357391702E-004
MD Temperature:                      0.0019870235 H          627.4516 K
MD Kinetic Energy:                   0.0059610705 H            0.1622 eV
Total MD Energy:                    -4.0082132629 H         -109.0690 eV

--------------------------------------------------------------------------------

***  Geometry step: 163

 iSCC Total electronic   Diff electronic      SCC error    
    1   -0.40418246E+01    0.00000000E+00    0.42681289E-02
    2   -0.40418251E+01   -0.47597206E-02    0.28403933E-02
    3   -0.40418255E+01   -0.49872785E-06    0.45544014E-03
    4   -0.40418255E+01   -0.38855521E-06    0.30853974E-05

Total Energy:                       -4.0151868722 H         -109.2588 eV
Extrapolated to 0K:                 -4.0151868722 H         -109.2588 eV
Total Mermin free energy:           -4.0151868722 H         -109.2588 eV
Force related energy:               -4.0151868722 H         -109.2588 eV

 TempProfile:         165   9.5004460357391702E-004
MD Temperature:                      0.0023121055 H          730.1043 K
MD Kinetic Energy:                   0.0069363164 H            0.1887 eV
Total MD Energy:                    -4.0082505557 H         -109.0700 eV

--------------------------------------------------------------------------------

***  Geometry step: 164

 iSCC Total electronic   Diff electronic      SCC error    
    1   -0.40509578E+01    0.00000000E+00    0.15906988E-02
    2   -0.40509578E+01   -0.91322934E-02    0.11464077E-02
    3   -0.40509578E+01   -0.21147770E-07    0.10377037E-03
    4   -0.40509578E+01   -0.23096425E-07    0.12882206E-06

Total Energy:                       -4.0194407216 H         -109.3745 eV
Extrapolated to 0K:                 -4.0194407216 H         -109.3745 eV
Total Mermin free energy:           -4.0194407216 H         -109.3745 eV
Force related energy:               -4.0194407216 H         -109.3745 eV

 TempProfile:         166   9.5004460357391702E-004
MD Temperature:                      0.0037138937 H         1172.7535 K
MD Kinetic Energy:                   0.0111416811 H            0.3032 eV
Total MD Energy:                    -4.0082990405 H         -109.0714 eV

--------------------------------------------------------------------------------

***  Geometry step: 165

 iSCC Total electronic   Diff electronic      SCC error    
    1   -0.40640290E+01    0.00000000E+00    0.46987145E-02
    2   -0.40640295E+01   -0.13071150E-01    0.31519901E-02
    3   -0.40640299E+01   -0.50044922E-06    0.17524037E-05

Total Energy:                       -4.0266962482 H         -109.5720 eV
Extrapolated to 0K:                 -4.0266962482 H         -109.5720 eV
Total Mermin free energy:           -4.0266962482 H         -109.5720 eV
Force related energy:               -4.0266962482 H         -109.5720 eV

 TempProfile:         167   9.5004460357391702E-004
MD Temperature:                      0.0061071917 H         1928.4963 K
MD Kinetic Energy:                   0.0183215750 H            0.4986 eV
Total MD Energy:                    -4.0083746732 H         -109.0734 eV

--------------------------------------------------------------------------------

***  Geometry step: 166

 iSCC Total electronic   Diff electronic      SCC error    
    1   -0.40805435E+01    0.00000000E+00    0.77355661E-02
    2   -0.40805447E+01   -0.16513569E-01    0.53476869E-02
    3   -0.40805459E+01   -0.12886805E-05    0.34596339E-03
    4   -0.40805459E+01   -0.11582529E-05    0.32290703E-04
    5   -0.40805459E+01   -0.18640591E-08    0.15530031E-08

Total Energy:                       -4.0367964709 H         -109.8468 eV
Extrapolated to 0K:                 -4.0367964709 H         -109.8468 eV
Total Mermin free energy:           -4.0367964709 H         -109.8468 eV
Force related energy:               -4.0367964709 H         -109.8468 eV

 TempProfile:         168   9.5004460357391702E-004
MD Temperature:                      0.0094293805 H         2977.5593 K
MD Kinetic Energy:                   0.0282881416 H            0.7698 eV
Total MD Energy:                    -4.0085083293 H         -109.0771 eV

--------------------------------------------------------------------------------

***  Geometry step: 167

 iSCC Total electronic   Diff electronic      SCC error    
    1   -0.40999992E+01    0.00000000E+00    0.10661390E-01
    2   -0.41000011E+01   -0.19453340E-01    0.75887694E-02
    3   -0.41000029E+01   -0.18266217E-05    0.65777821E-03
    4   -0.41000029E+01   -0.18416846E-05    0.55448032E-04
    5   -0.41000029E+01   -0.57689888E-08    0.24174733E-08

Total Energy:                       -4.0494100498 H         -110.1901 eV
Extrapolated to 0K:                 -4.0494100498 H         -110.1901 eV
Total Mermin free energy:           -4.0494100498 H         -110.1901 eV
Force related energy:               -4.0494100498 H         -110.1901 eV

 TempProfile:         169   9.5004460357391702E-004
MD Temperature:                      0.0135488752 H         4278.3913 K
MD Kinetic Energy:                   0.0406466255 H            1.1061 eV
Total MD Energy:                    -4.0087634242 H         -109.0840 eV

--------------------------------------------------------------------------------

***  Geometry step: 168

 iSCC Total electronic   Diff electronic      SCC error    
    1   -0.41220192E+01    0.00000000E+00    0.12712847E-01
    2   -0.41220211E+01   -0.22016312E-01    0.93030057E-02
    3   -0.41220232E+01   -0.18346685E-05    0.77322850E-03
    4   -0.41220232E+01   -0.20939411E-05    0.66855734E-04
    5   -0.41220232E+01   -0.75549647E-08    0.19818822E-08

Total Energy:                       -4.0632376049 H         -110.5663 eV
Extrapolated to 0K:                 -4.0632376049 H         -110.5663 eV
Total Mermin free energy:           -4.0632376049 H         -110.5663 eV
Force related energy:               -4.0632376049 H         -110.5663 eV

 TempProfile:         170   9.5004460357391702E-004
MD Temperature:                      0.0179883299 H         5680.2585 K
MD Kinetic Energy:                   0.0539649897 H            1.4685 eV
Total MD Energy:                    -4.0092726152 H         -109.0979 eV

--------------------------------------------------------------------------------

***  Geometry step: 169

 iSCC Total electronic   Diff electronic      SCC error    
    1   -0.41463921E+01    0.00000000E+00    0.13331091E-01
    2   -0.41463934E+01   -0.24368889E-01    0.99961300E-02
    3   -0.41463952E+01   -0.13722531E-05    0.56523933E-03
    4   -0.41463952E+01   -0.17707621E-05    0.78151906E-04
    5   -0.41463952E+01   -0.44532094E-08    0.89112806E-09

Total Energy:                       -4.0744640340 H         -110.8718 eV
Extrapolated to 0K:                 -4.0744640340 H         -110.8718 eV
Total Mermin free energy:           -4.0744640340 H         -110.8718 eV
Force related energy:               -4.0744640340 H         -110.8718 eV

 TempProfile:         171   9.5004460357391702E-004
MD Temperature:                      0.0214451610 H         6771.8382 K
MD Kinetic Energy:                   0.0643354829 H            1.7507 eV
Total MD Energy:                    -4.0101285510 H         -109.1211 eV

--------------------------------------------------------------------------------

***  Geometry step: 170

 iSCC Total electronic   Diff electronic      SCC error    
    1   -0.41725175E+01    0.00000000E+00    0.11896836E-01
    2   -0.41725183E+01   -0.26122303E-01    0.90992443E-02
    3   -0.41725195E+01   -0.81222285E-06    0.13799602E-03
    4   -0.41725195E+01   -0.11539981E-05    0.81991431E-04
    5   -0.41725195E+01   -0.14480328E-09    0.57754579E-10

Total Energy:                       -4.0755766540 H         -110.9021 eV
Extrapolated to 0K:                 -4.0755766540 H         -110.9021 eV
Total Mermin free energy:           -4.0755766540 H         -110.9021 eV
Force related energy:               -4.0755766540 H         -110.9021 eV

>> Charges saved for restart in charges.bin
 TempProfile:         172   9.5004460357391702E-004
MD Temperature:                      0.0214503512 H         6773.4771 K
MD Kinetic Energy:                   0.0643510537 H            1.7511 eV
Total MD Energy:                    -4.0112256003 H         -109.1510 eV

--------------------------------------------------------------------------------

***  Geometry step: 171

 iSCC Total electronic   Diff electronic      SCC error    
    1   -0.41976040E+01    0.00000000E+00    0.88372911E-02
    2   -0.41976045E+01   -0.25084566E-01    0.67450934E-02
    3   -0.41976052E+01   -0.48334529E-06    0.37179860E-03
    4   -0.41976052E+01   -0.68935371E-06    0.73757084E-04
    5   -0.41976052E+01   -0.11754366E-08    0.20980773E-10

Total Energy:                       -4.0582808207 H         -110.4314 eV
Extrapolated to 0K:                 -4.0582808207 H         -110.4314 eV
Total Mermin free energy:           -4.0582808207 H         -110.4314 eV
Force related energy:               -4.0582808207 H         -110.4314 eV

 TempProfile:         173   9.5004460357391702E-004
MD Temperature:                      0.0156221900 H         4933.0915 K
MD Kinetic Energy:                   0.0468665699 H            1.2753 eV
Total MD Energy:                    -4.0114142508 H         -109.1561 eV

--------------------------------------------------------------------------------

***  Geometry step: 172

 iSCC Total electronic   Diff electronic      SCC error    
    1   -0.42141846E+01    0.00000000E+00    0.73174287E-02
    2   -0.42141849E+01   -0.16579392E-01    0.55414475E-02
    3   -0.42141853E+01   -0.30879094E-06    0.40670791E-03
    4   -0.42141853E+01   -0.41221869E-06    0.22922786E-04
    5   -0.42141853E+01   -0.12845609E-08    0.83705931E-10

Total Energy:                       -4.0293211441 H         -109.6434 eV
Extrapolated to 0K:                 -4.0293211441 H         -109.6434 eV
Total Mermin free energy:           -4.0293211441 H         -109.6434 eV
Force related energy:               -4.0293211441 H         -109.6434 eV

 TempProfile:         174   9.5004460357391702E-004
MD Temperature:                      0.0066507709 H         2100.1448 K
MD Kinetic Energy:                   0.0199523126 H            0.5429 eV
Total MD Energy:                    -4.0093688315 H         -109.1005 eV

--------------------------------------------------------------------------------

***  Geometry step: 173

 iSCC Total electronic   Diff electronic      SCC error    
    1   -0.42123590E+01    0.00000000E+00    0.43385584E-02
    2   -0.42123591E+01    0.18263638E-02    0.32551901E-02
    3   -0.42123593E+01   -0.13622882E-06    0.17348213E-03
    4   -0.42123593E+01   -0.17166987E-06    0.10609911E-04
    5   -0.42123593E+01   -0.17667645E-09    0.27209124E-10

Total Energy:                       -4.0209566260 H         -109.4158 eV
Extrapolated to 0K:                 -4.0209566260 H         -109.4158 eV
Total Mermin free energy:           -4.0209566260 H         -109.4158 eV
Force related energy:               -4.0209566260 H         -109.4158 eV

 TempProfile:         175   9.5004460357391702E-004
MD Temperature:                      0.0041142888 H         1299.1881 K
MD Kinetic Energy:                   0.0123428665 H            0.3359 eV
Total MD Energy:                    -4.0086137595 H         -109.0799 eV

--------------------------------------------------------------------------------

***  Geometry step: 174

 iSCC Total electronic   Diff electronic      SCC error    
    1   -0.41907755E+01    0.00000000E+00    0.45243348E-02
    2   -0.41907756E+01    0.21583768E-01    0.33974322E-02
    3   -0.41907757E+01   -0.84030726E-07    0.17204208E-03
    4   -0.41907757E+01   -0.10718096E-06    0.92235557E-05

Total Energy:                       -4.0433256967 H         -110.0245 eV
Extrapolated to 0K:                 -4.0433256967 H         -110.0245 eV
Total Mermin free energy:           -4.0433256967 H         -110.0245 eV
Force related energy:               -4.0433256967 H         -110.0245 eV

 TempProfile:         176   9.5004460357391702E-004
MD Temperature:                      0.0107714770 H         3401.3594 K
MD Kinetic Energy:                   0.0323144310 H            0.8793 eV
Total MD Energy:                    -4.0110112657 H         -109.1452 eV

--------------------------------------------------------------------------------

***  Geometry step: 175

 iSCC Total electronic   Diff electronic      SCC error    
    1   -0.41594268E+01    0.00000000E+00    0.94271077E-02
    2   -0.41594272E+01    0.31348921E-01    0.71888970E-02
    3   -0.41594278E+01   -0.45560856E-06    0.44819160E-03
    4   -0.41594278E+01   -0.59735021E-06    0.68659321E-04
    5   -0.41594278E+01   -0.28265497E-08    0.31565006E-09

Total Energy:                       -4.0652997757 H         -110.6224 eV
Extrapolated to 0K:                 -4.0652997757 H         -110.6224 eV
Total Mermin free energy:           -4.0652997757 H         -110.6224 eV
Force related energy:               -4.0652997757 H         -110.6224 eV

 TempProfile:         177   9.5004460357391702E-004
MD Temperature:                      0.0177525291 H         5605.7986 K
MD Kinetic Energy:                   0.0532575874 H            1.4492 eV
Total MD Energy:                    -4.0120421883 H         -109.1732 eV

--------------------------------------------------------------------------------

***  Geometry step: 176

 iSCC Total electronic   Diff electronic      SCC error    
    1   -0.41284747E+01    0.00000000E+00    0.17038204E-01
    2   -0.41284770E+01    0.30953118E-01    0.12769407E-01
    3   -0.41284797E+01   -0.22542851E-05    0.96534610E-03
    4   -0.41284797E+01   -0.27120207E-05    0.11485107E-03
    5   -0.41284797E+01   -0.13129047E-07    0.16682139E-08

Total Energy:                       -4.0701149707 H         -110.7535 eV
Extrapolated to 0K:                 -4.0701149707 H         -110.7535 eV
Total Mermin free energy:           -4.0701149707 H         -110.7535 eV
Force related energy:               -4.0701149707 H         -110.7535 eV

 TempProfile:         178   9.5004460357391702E-004
MD Temperature:                      0.0194620095 H         6145.6092 K
MD Kinetic Energy:                   0.0583860284 H            1.5888 eV
Total MD Energy:                    -4.0117289422 H         -109.1647 eV

--------------------------------------------------------------------------------

***  Geometry step: 177

 iSCC Total electronic   Diff electronic      SCC error    
    1   -0.41024603E+01    0.00000000E+00    0.23247730E-01
    2   -0.41024667E+01    0.26019354E-01    0.17006199E-01
    3   -0.41024736E+01   -0.63998128E-05    0.14870038E-02
    4   -0.41024736E+01   -0.68777965E-05    0.14395624E-03
    5   -0.41024736E+01   -0.30939469E-07    0.10014312E-07

Total Energy:                       -4.0624506274 H         -110.5449 eV
Extrapolated to 0K:                 -4.0624506274 H         -110.5449 eV
Total Mermin free energy:           -4.0624506274 H         -110.5449 eV
Force related energy:               -4.0624506274 H         -110.5449 eV

 TempProfile:         179   9.5004460357391702E-004
MD Temperature:                      0.0170236311 H         5375.6311 K
MD Kinetic Energy:                   0.0510708932 H            1.3897 eV
Total MD Energy:                    -4.0113797343 H         -109.1552 eV

--------------------------------------------------------------------------------

***  Geometry step: 178

 iSCC Total electronic   Diff electronic      SCC error    
    1   -0.40821881E+01    0.00000000E+00    0.25719495E-01
    2   -0.40821992E+01    0.20285557E-01    0.18281504E-01
    3   -0.40822098E+01   -0.11111034E-04    0.17505986E-02
    4   -0.40822098E+01   -0.10572653E-04    0.14913021E-03
    5   -0.40822098E+01   -0.42943340E-07    0.26700931E-07

Total Energy:                       -4.0500462962 H         -110.2074 eV
Extrapolated to 0K:                 -4.0500462962 H         -110.2074 eV
Total Mermin free energy:           -4.0500462962 H         -110.2074 eV
Force related energy:               -4.0500462962 H         -110.2074 eV

 TempProfile:         180   9.5004460357391702E-004
MD Temperature:                      0.0129353132 H         4084.6440 K
MD Kinetic Energy:                   0.0388059396 H            1.0560 eV
Total MD Energy:                    -4.0112403567 H         -109.1514 eV

--------------------------------------------------------------------------------

***  Geometry step: 179

 iSCC Total electronic   Diff electronic      SCC error    
    1   -0.40671747E+01    0.00000000E+00    0.24242124E-01
    2   -0.40671876E+01    0.15035123E-01    0.16721536E-01
    3   -0.40671985E+01   -0.12900729E-04    0.17191986E-02
    4   -0.40671985E+01   -0.10902206E-04    0.12992284E-03
    5   -0.40671985E+01   -0.41573395E-07    0.35311940E-07

Total Energy:                       -4.0375999144 H         -109.8687 eV
Extrapolated to 0K:                 -4.0375999144 H         -109.8687 eV
Total Mermin free energy:           -4.0375999144 H         -109.8687 eV
Force related energy:               -4.0375999144 H         -109.8687 eV

 TempProfile:         181   9.5004460357391702E-004
MD Temperature:                      0.0087890576 H         2775.3616 K
MD Kinetic Energy:                   0.0263671728 H            0.7175 eV
Total MD Energy:                    -4.0112327416 H         -109.1512 eV

--------------------------------------------------------------------------------

***  Geometry step: 180

 iSCC Total electronic   Diff electronic      SCC error    
    1   -0.40567553E+01    0.00000000E+00    0.20011033E-01
    2   -0.40567659E+01    0.10443276E-01    0.13429400E-01
    3   -0.40567740E+01   -0.10615464E-04    0.14959205E-02
    4   -0.40567740E+01   -0.80865856E-05    0.96299694E-04
    5   -0.40567740E+01   -0.31397443E-07    0.26380365E-07

Total Energy:                       -4.0272367800 H         -109.5867 eV
Extrapolated to 0K:                 -4.0272367800 H         -109.5867 eV
Total Mermin free energy:           -4.0272367800 H         -109.5867 eV
Force related energy:               -4.0272367800 H         -109.5867 eV

>> Charges saved for restart in charges.bin
 TempProfile:         182   9.5004460357391702E-004
MD Temperature:                      0.0053265601 H         1681.9926 K
MD Kinetic Energy:                   0.0159796803 H            0.4348 eV
Total MD Energy:                    -4.0112570997 H         -109.1519 eV

--------------------------------------------------------------------------------

***  Geometry step: 181

 iSCC Total electronic   Diff electronic      SCC error    
    1   -0.40503772E+01    0.00000000E+00    0.14341791E-01
    2   -0.40503833E+01    0.63967916E-02    0.94282640E-02
    3   -0.40503876E+01   -0.60949127E-05    0.11817870E-02
    4   -0.40503876E+01   -0.42942234E-05    0.58880703E-04
    5   -0.40503876E+01   -0.19312309E-07    0.11457807E-07

Total Energy:                       -4.0197700383 H         -109.3835 eV
Extrapolated to 0K:                 -4.0197700383 H         -109.3835 eV
Total Mermin free energy:           -4.0197700383 H         -109.3835 eV
Force related energy:               -4.0197700383 H         -109.3835 eV

 TempProfile:         183   9.5004460357391702E-004
MD Temperature:                      0.0028306129 H          893.8358 K
MD Kinetic Energy:                   0.0084918387 H            0.2311 eV
Total MD Energy:                    -4.0112781996 H         -109.1524 eV

--------------------------------------------------------------------------------

***  Geometry step: 182

 iSCC Total electronic   Diff electronic      SCC error    
    1   -0.40476060E+01    0.00000000E+00    0.81531261E-02
    2   -0.40476080E+01    0.27816430E-02    0.53141667E-02
    3   -0.40476093E+01   -0.20059879E-05    0.82739135E-03
    4   -0.40476093E+01   -0.13568408E-05    0.13454030E-04
    5   -0.40476093E+01   -0.91677261E-08    0.21979675E-08

Total Energy:                       -4.0154613553 H         -109.2663 eV
Extrapolated to 0K:                 -4.0154613553 H         -109.2663 eV
Total Mermin free energy:           -4.0154613553 H         -109.2663 eV
Force related energy:               -4.0154613553 H         -109.2663 eV

 TempProfile:         184   9.5004460357391702E-004
MD Temperature:                      0.0013919808 H          439.5522 K
MD Kinetic Energy:                   0.0041759423 H            0.1136 eV
Total MD Energy:                    -4.0112854130 H         -109.1526 eV

--------------------------------------------------------------------------------

***  Geometry step: 183

 iSCC Total electronic   Diff electronic      SCC error    
    1   -0.40481027E+01    0.00000000E+00    0.19494836E-02
    2   -0.40481028E+01   -0.49340693E-03    0.13159308E-02
    3   -0.40481029E+01   -0.82672977E-07    0.35255283E-03
    4   -0.40481029E+01   -0.63069055E-07    0.36049390E-06

Total Energy:                       -4.0143685544 H         -109.2365 eV
Extrapolated to 0K:                 -4.0143685544 H         -109.2365 eV
Total Mermin free energy:           -4.0143685544 H         -109.2365 eV
Force related energy:               -4.0143685544 H         -109.2365 eV

 TempProfile:         185   9.5004460357391702E-004
MD Temperature:                      0.0010272363 H          324.3752 K
MD Kinetic Energy:                   0.0030817090 H            0.0839 eV
Total MD Energy:                    -4.0112868454 H         -109.1527 eV

--------------------------------------------------------------------------------

***  Geometry step: 184

 iSCC Total electronic   Diff electronic      SCC error    
    1   -0.40516278E+01    0.00000000E+00    0.50931405E-02
    2   -0.40516285E+01   -0.35248604E-02    0.32436035E-02
    3   -0.40516289E+01   -0.70330307E-06    0.58213409E-04
    4   -0.40516289E+01   -0.47146927E-06    0.16463216E-04
    5   -0.40516289E+01   -0.53619331E-10    0.35412384E-09

Total Energy:                       -4.0165028913 H         -109.2946 eV
Extrapolated to 0K:                 -4.0165028913 H         -109.2946 eV
Total Mermin free energy:           -4.0165028913 H         -109.2946 eV
Force related energy:               -4.0165028913 H         -109.2946 eV

 TempProfile:         186   9.5004460357391702E-004
MD Temperature:                      0.0017387333 H          549.0479 K
MD Kinetic Energy:                   0.0052161998 H            0.1419 eV
Total MD Energy:                    -4.0112866915 H         -109.1527 eV

--------------------------------------------------------------------------------

***  Geometry step: 185

 iSCC Total electronic   Diff electronic      SCC error    
    1   -0.40580716E+01    0.00000000E+00    0.10272643E-01
    2   -0.40580748E+01   -0.64426695E-02    0.65260646E-02
    3   -0.40580771E+01   -0.32266918E-05    0.34025222E-03
    4   -0.40580771E+01   -0.23008454E-05    0.74414844E-04
    5   -0.40580771E+01   -0.15908341E-08    0.39518451E-08

Total Energy:                       -4.0219299460 H         -109.4423 eV
Extrapolated to 0K:                 -4.0219299460 H         -109.4423 eV
Total Mermin free energy:           -4.0219299460 H         -109.4423 eV
Force related energy:               -4.0219299460 H         -109.4423 eV

 TempProfile:         187   9.5004460357391702E-004
MD Temperature:                      0.0035377103 H         1117.1192 K
MD Kinetic Energy:                   0.0106131310 H            0.2888 eV
Total MD Energy:                    -4.0113168151 H         -109.1535 eV

--------------------------------------------------------------------------------

***  Geometry step: 186

 iSCC Total electronic   Diff electronic      SCC error    
    1   -0.40674541E+01    0.00000000E+00    0.15135954E-01
    2   -0.40674605E+01   -0.93770024E-02    0.10144406E-01
    3   -0.40674655E+01   -0.63534162E-05    0.73405038E-03
    4   -0.40674655E+01   -0.49678161E-05    0.11060427E-03
    5   -0.40674655E+01   -0.73844548E-08    0.11947773E-07

Total Energy:                       -4.0306180609 H         -109.6787 eV
Extrapolated to 0K:                 -4.0306180609 H         -109.6787 eV
Total Mermin free energy:           -4.0306180609 H         -109.6787 eV
Force related energy:               -4.0306180609 H         -109.6787 eV

 TempProfile:         188   9.5004460357391702E-004
MD Temperature:                      0.0064049132 H         2022.5092 K
MD Kinetic Energy:                   0.0192147397 H            0.5229 eV
Total MD Energy:                    -4.0114033212 H         -109.1558 eV

--------------------------------------------------------------------------------

***  Geometry step: 187

 iSCC Total electronic   Diff electronic      SCC error    
    1   -0.40799552E+01    0.00000000E+00    0.19715354E-01
    2   -0.40799637E+01   -0.12489696E-01    0.13628929E-01
    3   -0.40799711E+01   -0.85192473E-05    0.10649433E-02
    4   -0.40799712E+01   -0.74584542E-05    0.13742789E-03
    5   -0.40799712E+01   -0.15476073E-07    0.19378927E-07

Total Energy:                       -4.0422517249 H         -109.9953 eV
Extrapolated to 0K:                 -4.0422517249 H         -109.9953 eV
Total Mermin free energy:           -4.0422517249 H         -109.9953 eV
Force related energy:               -4.0422517249 H         -109.9953 eV

 TempProfile:         189   9.5004460357391702E-004
MD Temperature:                      0.0102207565 H         3227.4558 K
MD Kinetic Energy:                   0.0306622694 H            0.8344 eV
Total MD Energy:                    -4.0115894555 H         -109.1609 eV

--------------------------------------------------------------------------------

***  Geometry step: 188

 iSCC Total electronic   Diff electronic      SCC error    
    1   -0.40959437E+01    0.00000000E+00    0.22909648E-01
    2   -0.40959523E+01   -0.15972578E-01    0.16336252E-01
    3   -0.40959607E+01   -0.85359825E-05    0.12518204E-02
    4   -0.40959607E+01   -0.84574732E-05    0.16194933E-03
    5   -0.40959607E+01   -0.21457864E-07    0.18793996E-07

Total Energy:                       -4.0558642516 H         -110.3657 eV
Extrapolated to 0K:                 -4.0558642516 H         -110.3657 eV
Total Mermin free energy:           -4.0558642516 H         -110.3657 eV
Force related energy:               -4.0558642516 H         -110.3657 eV

 TempProfile:         190   9.5004460357391702E-004
MD Temperature:                      0.0146425839 H         4623.7568 K
MD Kinetic Energy:                   0.0439277516 H            1.1953 eV
Total MD Energy:                    -4.0119365000 H         -109.1703 eV

--------------------------------------------------------------------------------

***  Geometry step: 189

 iSCC Total electronic   Diff electronic      SCC error    
    1   -0.41159539E+01    0.00000000E+00    0.23789857E-01
    2   -0.41159603E+01   -0.19993136E-01    0.17451134E-01
    3   -0.41159674E+01   -0.63712098E-05    0.12064074E-02
    4   -0.41159674E+01   -0.71409395E-05    0.17748325E-03
    5   -0.41159674E+01   -0.20195136E-07    0.10663433E-07

Total Energy:                       -4.0690784923 H         -110.7253 eV
Extrapolated to 0K:                 -4.0690784923 H         -110.7253 eV
Total Mermin free energy:           -4.0690784923 H         -110.7253 eV
Force related energy:               -4.0690784923 H         -110.7253 eV

 TempProfile:         191   9.5004460357391702E-004
MD Temperature:                      0.0188422996 H         5949.9205 K
MD Kinetic Energy:                   0.0565268987 H            1.5382 eV
Total MD Energy:                    -4.0125515935 H         -109.1871 eV

--------------------------------------------------------------------------------

***  Geometry step: 190

 iSCC Total electronic   Diff electronic      SCC error    
    1   -0.41403523E+01    0.00000000E+00    0.21505008E-01
    2   -0.41403557E+01   -0.24384892E-01    0.16147310E-01
    3   -0.41403599E+01   -0.33895152E-05    0.90571872E-03
    4   -0.41403600E+01   -0.42501424E-05    0.17558271E-03
    5   -0.41403600E+01   -0.11583504E-07    0.36507988E-08

Total Energy:                       -4.0769081783 H         -110.9383 eV
Extrapolated to 0K:                 -4.0769081783 H         -110.9383 eV
Total Mermin free energy:           -4.0769081783 H         -110.9383 eV
Force related energy:               -4.0769081783 H         -110.9383 eV

>> Charges saved for restart in charges.bin
 TempProfile:         192   9.5004460357391702E-004
MD Temperature:                      0.0211438811 H         6676.7016 K
MD Kinetic Energy:                   0.0634316434 H            1.7261 eV
Total MD Energy:                    -4.0134765349 H         -109.2123 eV

--------------------------------------------------------------------------------

***  Geometry step: 191

 iSCC Total electronic   Diff electronic      SCC error    
    1   -0.41682201E+01    0.00000000E+00    0.16266018E-01
    2   -0.41682213E+01   -0.27860094E-01    0.12423188E-01
    3   -0.41682230E+01   -0.12399703E-05    0.49500149E-03
    4   -0.41682230E+01   -0.17021858E-05    0.14729350E-03
    5   -0.41682230E+01   -0.34173295E-08    0.94450670E-09

Total Energy:                       -4.0715046988 H         -110.7913 eV
Extrapolated to 0K:                 -4.0715046988 H         -110.7913 eV
Total Mermin free energy:           -4.0715046988 H         -110.7913 eV
Force related energy:               -4.0715046988 H         -110.7913 eV

 TempProfile:         193   9.5004460357391702E-004
MD Temperature:                      0.0190538225 H         6016.7141 K
MD Kinetic Energy:                   0.0571614676 H            1.5554 eV
Total MD Energy:                    -4.0143432313 H         -109.2358 eV

--------------------------------------------------------------------------------

***  Geometry step: 192

 iSCC Total electronic   Diff electronic      SCC error    
    1   -0.41950509E+01    0.00000000E+00    0.99504394E-02
    2   -0.41950513E+01   -0.26827931E-01    0.76761329E-02
    3   -0.41950517E+01   -0.33358497E-06    0.25004716E-03
    4   -0.41950517E+01   -0.48022403E-06    0.96310536E-04
    5   -0.41950517E+01   -0.83618534E-09    0.27201019E-09

Total Energy:                       -4.0486394369 H         -110.1691 eV
Extrapolated to 0K:                 -4.0486394369 H         -110.1691 eV
Total Mermin free energy:           -4.0486394369 H         -110.1691 eV
Force related energy:               -4.0486394369 H         -110.1691 eV

 TempProfile:         194   9.5004460357391702E-004
MD Temperature:                      0.0116475229 H         3677.9924 K
MD Kinetic Energy:                   0.0349425688 H            0.9508 eV
Total MD Energy:                    -4.0136968682 H         -109.2182 eV

--------------------------------------------------------------------------------

***  Geometry step: 193

 iSCC Total electronic   Diff electronic      SCC error    
    1   -0.42113283E+01    0.00000000E+00    0.71784003E-02
    2   -0.42113285E+01   -0.16276602E-01    0.54538794E-02
    3   -0.42113287E+01   -0.15047385E-06    0.21090998E-03
    4   -0.42113287E+01   -0.20161276E-06    0.36871905E-04
    5   -0.42113287E+01   -0.71389827E-09    0.86695096E-10

Total Energy:                       -4.0255364986 H         -109.5404 eV
Extrapolated to 0K:                 -4.0255364986 H         -109.5404 eV
Total Mermin free energy:           -4.0255364986 H         -109.5404 eV
Force related energy:               -4.0255364986 H         -109.5404 eV

 TempProfile:         195   9.5004460357391702E-004
MD Temperature:                      0.0046580757 H         1470.9022 K
MD Kinetic Energy:                   0.0139742270 H            0.3803 eV
Total MD Energy:                    -4.0115622715 H         -109.1602 eV

--------------------------------------------------------------------------------

***  Geometry step: 194

 iSCC Total electronic   Diff electronic      SCC error    
    1   -0.42084903E+01    0.00000000E+00    0.77666390E-02
    2   -0.42084906E+01    0.28383919E-02    0.58283395E-02
    3   -0.42084910E+01   -0.31863719E-06    0.42278359E-04
    4   -0.42084910E+01   -0.40750618E-06    0.30492194E-04
    5   -0.42084910E+01   -0.92832408E-11    0.35417003E-10

Total Energy:                       -4.0321304133 H         -109.7199 eV
Extrapolated to 0K:                 -4.0321304133 H         -109.7199 eV
Total Mermin free energy:           -4.0321304133 H         -109.7199 eV
Force related energy:               -4.0321304133 H         -109.7199 eV

 TempProfile:         196   9.5004460357391702E-004
MD Temperature:                      0.0065695836 H         2074.5080 K
MD Kinetic Energy:                   0.0197087509 H            0.5363 eV
Total MD Energy:                    -4.0124216624 H         -109.1835 eV

--------------------------------------------------------------------------------

***  Geometry step: 195

 iSCC Total electronic   Diff electronic      SCC error    
    1   -0.41890084E+01    0.00000000E+00    0.90190684E-02
    2   -0.41890089E+01    0.19482645E-01    0.67926051E-02
    3   -0.41890097E+01   -0.56189539E-06    0.20134090E-03
    4   -0.41890097E+01   -0.73195155E-06    0.85802262E-04
    5   -0.41890097E+01   -0.32294434E-09    0.18269297E-09

Total Energy:                       -4.0581779096 H         -110.4286 eV
Extrapolated to 0K:                 -4.0581779096 H         -110.4286 eV
Total Mermin free energy:           -4.0581779096 H         -110.4286 eV
Force related energy:               -4.0581779096 H         -110.4286 eV

 TempProfile:         197   9.5004460357391702E-004
MD Temperature:                      0.0145103624 H         4582.0046 K
MD Kinetic Energy:                   0.0435310873 H            1.1845 eV
Total MD Energy:                    -4.0146468223 H         -109.2441 eV

--------------------------------------------------------------------------------

***  Geometry step: 196

 iSCC Total electronic   Diff electronic      SCC error    
    1   -0.41629246E+01    0.00000000E+00    0.10142703E-01
    2   -0.41629253E+01    0.26085062E-01    0.76823043E-02
    3   -0.41629262E+01   -0.66685376E-06    0.21208503E-03
    4   -0.41629262E+01   -0.90369832E-06    0.76631055E-04
    5   -0.41629262E+01   -0.52247984E-09    0.23378988E-09

Total Energy:                       -4.0732590500 H         -110.8390 eV
Extrapolated to 0K:                 -4.0732590500 H         -110.8390 eV
Total Mermin free energy:           -4.0732590500 H         -110.8390 eV
Force related energy:               -4.0732590500 H         -110.8390 eV

 TempProfile:         198   9.5004460357391702E-004
MD Temperature:                      0.0194154786 H         6130.9159 K
MD Kinetic Energy:                   0.0582464359 H            1.5850 eV
Total MD Energy:                    -4.0150126141 H         -109.2541 eV

--------------------------------------------------------------------------------

***  Geometry step: 197

 iSCC Total electronic   Diff electronic      SCC error    
    1   -0.41375075E+01    0.00000000E+00    0.94891345E-02
    2   -0.41375084E+01    0.25418672E-01    0.72287279E-02
    3   -0.41375096E+01   -0.90572320E-06    0.24021271E-03
    4   -0.41375096E+01   -0.12165221E-05    0.83784264E-04
    5   -0.41375096E+01   -0.56034200E-09    0.76317619E-10

Total Energy:                       -4.0710185044 H         -110.7780 eV
Extrapolated to 0K:                 -4.0710185044 H         -110.7780 eV
Total Mermin free energy:           -4.0710185044 H         -110.7780 eV
Force related energy:               -4.0710185044 H         -110.7780 eV

 TempProfile:         199   9.5004460357391702E-004
MD Temperature:                      0.0188126556 H         5940.5597 K
MD Kinetic Energy:                   0.0564379667 H            1.5358 eV
Total MD Energy:                    -4.0145805376 H         -109.2423 eV

--------------------------------------------------------------------------------

***  Geometry step: 198

 iSCC Total electronic   Diff electronic      SCC error    
    1   -0.41153173E+01    0.00000000E+00    0.11260532E-01
    2   -0.41153189E+01    0.22192307E-01    0.82761536E-02
    3   -0.41153207E+01   -0.15402293E-05    0.70212740E-03
    4   -0.41153207E+01   -0.18464483E-05    0.58185033E-04
    5   -0.41153207E+01   -0.63066210E-08    0.15491077E-08

Total Energy:                       -4.0592535690 H         -110.4579 eV
Extrapolated to 0K:                 -4.0592535690 H         -110.4579 eV
Total Mermin free energy:           -4.0592535690 H         -110.4579 eV
Force related energy:               -4.0592535690 H         -110.4579 eV

 TempProfile:         200   9.5004460357391702E-004
MD Temperature:                      0.0149925152 H         4734.2562 K
MD Kinetic Energy:                   0.0449775457 H            1.2239 eV
Total MD Energy:                    -4.0142760233 H         -109.2340 eV

--------------------------------------------------------------------------------

***  Geometry step: 199

 iSCC Total electronic   Diff electronic      SCC error    
    1   -0.40965655E+01    0.00000000E+00    0.11990245E-01
    2   -0.40965677E+01    0.18755272E-01    0.85892065E-02
    3   -0.40965700E+01   -0.22217606E-05    0.82189613E-03
    4   -0.40965700E+01   -0.23406369E-05    0.54304473E-04
    5   -0.40965700E+01   -0.91268628E-08    0.42452911E-08

Total Energy:                       -4.0453249296 H         -110.0789 eV
Extrapolated to 0K:                 -4.0453249296 H         -110.0789 eV
Total Mermin free energy:           -4.0453249296 H         -110.0789 eV
Force related energy:               -4.0453249296 H         -110.0789 eV

 TempProfile:         201   9.5004460357391702E-004
MD Temperature:                      0.0103904750 H         3281.0486 K
MD Kinetic Energy:                   0.0311714250 H            0.8482 eV
Total MD Energy:                    -4.0141535046 H         -109.2307 eV

--------------------------------------------------------------------------------

***  Geometry step: 200

 iSCC Total electronic   Diff electronic      SCC error    
    1   -0.40809314E+01    0.00000000E+00    0.11074586E-01
    2   -0.40809338E+01    0.15638589E-01    0.77357660E-02
    3   -0.40809361E+01   -0.24067189E-05    0.63656665E-03
    4   -0.40809361E+01   -0.22684930E-05    0.59417125E-04
    5   -0.40809361E+01   -0.59871192E-08    0.52855598E-08

Total Energy:                       -4.0333091650 H         -109.7519 eV
Extrapolated to 0K:                 -4.0333091650 H         -109.7519 eV
Total Mermin free energy:           -4.0333091650 H         -109.7519 eV
Force related energy:               -4.0333091650 H         -109.7519 eV

>> Charges saved for restart in charges.bin
 TempProfile:         202   9.5004460357391702E-004
MD Temperature:                      0.0063862189 H         2016.6060 K
MD Kinetic Energy:                   0.0191586567 H            0.5213 eV
Total MD Energy:                    -4.0141505082 H         -109.2306 eV

Molecular dynamics completed
MD information accumulated in md.out

--------------------------------------------------------------------------------
DFTB+ running times                          cpu [s]             wall clock [s]
--------------------------------------------------------------------------------
Pre-SCC initialisation                 +       0.35 ( 16.7%)       0.06 ( 14.8%)
SCC                                    +       1.52 ( 73.3%)       0.32 ( 76.5%)
Post-SCC processing                    +       0.20 (  9.9%)       0.04 (  8.5%)
--------------------------------------------------------------------------------
Missing                                +       0.00 (  0.1%)       0.00 (  0.2%)
Total                                  =       2.07 (100.0%)       0.41 (100.0%)
--------------------------------------------------------------------------------
